{"level":"info","message":"MongoDB Connected: localhost","service":"stocksense-backend","timestamp":"2026-09-26T07:11:42.602Z"}
{"level":"info","message":"Server running in development mode on port 5000","service":"stocksense-backend","timestamp":"2026-09-26T07:11:42.608Z"}
{"level":"info","message":"MongoDB Connected: localhost","service":"stocksense-backend","timestamp":"2026-09-26T07:13:47.840Z"}
{"level":"info","message":"Server running in development mode on port 5000","service":"stocksense-backend","timestamp":"2026-09-26T07:13:47.847Z"}
{"level":"info","message":"MongoDB Connected: localhost","service":"stocksense-backend","timestamp":"2026-09-26T07:14:09.841Z"}
{"level":"info","message":"Server running in development mode on port 5000","service":"stocksense-backend","timestamp":"2026-09-26T07:14:09.849Z"}
{"level":"info","message":"MongoDB Connected: localhost","service":"stocksense-backend","timestamp":"2026-09-26T07:15:06.816Z"}
{"level":"info","message":"Server running in development mode on port 5000","service":"stocksense-backend","timestamp":"2026-09-26T07:15:06.822Z"}
{"level":"info","message":"MongoDB Connected: localhost","service":"stocksense-backend","timestamp":"2026-09-26T07:15:48.442Z"}
{"level":"info","message":"Server running in development mode on port 5000","service":"stocksense-backend","timestamp":"2026-09-26T07:15:48.449Z"}
{"level":"info","message":"\u001b[0mPOST /api/auth/login \u001b[32m200\u001b[0m 773.078 ms - 461\u001b[0m","service":"stocksense-backend","timestamp":"2026-09-26T07:17:16.781Z"}
{"level":"info","message":"\u001b[0mGET /api/dashboard \u001b[32m200\u001b[0m 140.600 ms - 3839\u001b[0m","service":"stocksense-backend","timestamp":"2026-09-26T07:17:16.999Z"}
{"level":"info","message":"\u001b[0mGET /api/dashboard \u001b[36m304\u001b[0m 51.774 ms - -\u001b[0m","service":"stocksense-backend","timestamp":"2026-09-26T07:17:17.060Z"}
{"level":"info","message":"\u001b[0mGET /api/categories \u001b[32m200\u001b[0m 8.086 ms - 1045\u001b[0m","service":"stocksense-backend","timestamp":"2026-09-26T07:17:29.748Z"}
{"level":"info","message":"\u001b[0mGET /api/products?page=1&limit=20&search=&category= \u001b[32m200\u001b[0m 16.117 ms - 5679\u001b[0m","service":"stocksense-backend","timestamp":"2026-09-26T07:17:29.758Z"}
{"level":"info","message":"\u001b[0mGET /api/categories \u001b[36m304\u001b[0m 9.527 ms - -\u001b[0m","service":"stocksense-backend","timestamp":"2026-09-26T07:17:29.760Z"}
{"level":"info","message":"\u001b[0mGET /api/products?page=1&limit=20&search=&category= \u001b[36m304\u001b[0m 10.972 ms - -\u001b[0m","service":"stocksense-backend","timestamp":"2026-09-26T07:17:29.772Z"}
{"level":"info","message":"\u001b[0mGET /api/suppliers \u001b[32m200\u001b[0m 6.089 ms - 754\u001b[0m","service":"stocksense-backend","timestamp":"2026-09-26T07:17:41.422Z"}
{"level":"info","message":"\u001b[0mGET /api/locations \u001b[32m200\u001b[0m 32.685 ms - 1797\u001b[0m","service":"stocksense-backend","timestamp":"2026-09-26T07:17:41.444Z"}
{"level":"info","message":"\u001b[0mGET /api/suppliers \u001b[36m304\u001b[0m 15.125 ms - -\u001b[0m","service":"stocksense-backend","timestamp":"2026-09-26T07:17:41.445Z"}
{"level":"info","message":"\u001b[0mGET /api/warehouses \u001b[32m200\u001b[0m 43.444 ms - 498\u001b[0m","service":"stocksense-backend","timestamp":"2026-09-26T07:17:41.446Z"}
{"level":"info","message":"\u001b[0mGET /api/products \u001b[32m200\u001b[0m 47.465 ms - 5679\u001b[0m","service":"stocksense-backend","timestamp":"2026-09-26T07:17:41.470Z"}
{"level":"info","message":"\u001b[0mGET /api/locations \u001b[36m304\u001b[0m 29.749 ms - -\u001b[0m","service":"stocksense-backend","timestamp":"2026-09-26T07:17:41.481Z"}
{"level":"info","message":"\u001b[0mGET /api/receipts?page=1&limit=20&status= \u001b[32m200\u001b[0m 83.720 ms - 6062\u001b[0m","service":"stocksense-backend","timestamp":"2026-09-26T07:17:41.485Z"}
{"level":"info","message":"\u001b[0mGET /api/warehouses \u001b[36m304\u001b[0m 26.452 ms - -\u001b[0m","service":"stocksense-backend","timestamp":"2026-09-26T07:17:41.487Z"}
{"level":"info","message":"\u001b[0mGET /api/products \u001b[36m304\u001b[0m 16.920 ms - -\u001b[0m","service":"stocksense-backend","timestamp":"2026-09-26T07:17:41.493Z"}
{"level":"info","message":"\u001b[0mGET /api/receipts?page=1&limit=20&status= \u001b[36m304\u001b[0m 15.187 ms - -\u001b[0m","service":"stocksense-backend","timestamp":"2026-09-26T07:17:41.504Z"}
{"level":"info","message":"\u001b[0mGET /api/customers \u001b[32m200\u001b[0m 13.489 ms - 698\u001b[0m","service":"stocksense-backend","timestamp":"2026-09-26T07:17:43.487Z"}
{"level":"info","message":"\u001b[0mGET /api/customers \u001b[36m304\u001b[0m 8.903 ms - -\u001b[0m","service":"stocksense-backend","timestamp":"2026-09-26T07:17:43.501Z"}
{"level":"info","message":"\u001b[0mGET /api/warehouses \u001b[36m304\u001b[0m 27.940 ms - -\u001b[0m","service":"stocksense-backend","timestamp":"2026-09-26T07:17:43.504Z"}
{"level":"info","message":"\u001b[0mGET /api/locations \u001b[36m304\u001b[0m 29.751 ms - -\u001b[0m","service":"stocksense-backend","timestamp":"2026-09-26T07:17:43.508Z"}
{"level":"info","message":"\u001b[0mGET /api/products \u001b[36m304\u001b[0m 87.406 ms - -\u001b[0m","service":"stocksense-backend","timestamp":"2026-09-26T07:17:43.569Z"}
{"level":"info","message":"\u001b[0mGET /api/warehouses \u001b[36m304\u001b[0m 121.695 ms - -\u001b[0m","service":"stocksense-backend","timestamp":"2026-09-26T07:17:43.650Z"}
{"level":"info","message":"\u001b[0mGET /api/locations \u001b[36m304\u001b[0m 112.140 ms - -\u001b[0m","service":"stocksense-backend","timestamp":"2026-09-26T07:17:43.664Z"}
{"level":"info","message":"\u001b[0mGET /api/deliveries?page=1&limit=20&status= \u001b[32m200\u001b[0m 201.385 ms - 2553\u001b[0m","service":"stocksense-backend","timestamp":"2026-09-26T07:17:43.673Z"}
{"level":"info","message":"\u001b[0mGET /api/products \u001b[36m304\u001b[0m 98.876 ms - -\u001b[0m","service":"stocksense-backend","timestamp":"2026-09-26T07:17:43.709Z"}
{"level":"info","message":"\u001b[0mGET /api/deliveries?page=1&limit=20&status= \u001b[36m304\u001b[0m 52.085 ms - -\u001b[0m","service":"stocksense-backend","timestamp":"2026-09-26T07:17:43.730Z"}
{"level":"info","message":"\u001b[0mGET /api/warehouses \u001b[36m304\u001b[0m 23.457 ms - -\u001b[0m","service":"stocksense-backend","timestamp":"2026-09-26T07:17:50.323Z"}
{"level":"info","message":"\u001b[0mGET /api/locations \u001b[36m304\u001b[0m 22.745 ms - -\u001b[0m","service":"stocksense-backend","timestamp":"2026-09-26T07:17:50.324Z"}
{"level":"info","message":"\u001b[0mGET /api/transfers?page=1&limit=20&status= \u001b[32m200\u001b[0m 32.041 ms - 2542\u001b[0m","service":"stocksense-backend","timestamp":"2026-09-26T07:17:50.329Z"}
{"level":"info","message":"\u001b[0mGET /api/products \u001b[36m304\u001b[0m 34.073 ms - -\u001b[0m","service":"stocksense-backend","timestamp":"2026-09-26T07:17:50.341Z"}
{"level":"info","message":"\u001b[0mGET /api/warehouses \u001b[36m304\u001b[0m 14.382 ms - -\u001b[0m","service":"stocksense-backend","timestamp":"2026-09-26T07:17:50.347Z"}
{"level":"info","message":"\u001b[0mGET /api/locations \u001b[36m304\u001b[0m 13.270 ms - -\u001b[0m","service":"stocksense-backend","timestamp":"2026-09-26T07:17:50.348Z"}
{"level":"info","message":"\u001b[0mGET /api/transfers?page=1&limit=20&status= \u001b[36m304\u001b[0m 18.799 ms - -\u001b[0m","service":"stocksense-backend","timestamp":"2026-09-26T07:17:50.356Z"}
{"level":"info","message":"\u001b[0mGET /api/products \u001b[36m304\u001b[0m 16.866 ms - -\u001b[0m","service":"stocksense-backend","timestamp":"2026-09-26T07:17:50.360Z"}
{"level":"info","message":"\u001b[0mGET /api/warehouses \u001b[36m304\u001b[0m 12.066 ms - -\u001b[0m","service":"stocksense-backend","timestamp":"2026-09-26T07:17:52.212Z"}
{"level":"info","message":"\u001b[0mGET /api/locations \u001b[36m304\u001b[0m 14.537 ms - -\u001b[0m","service":"stocksense-backend","timestamp":"2026-09-26T07:17:52.216Z"}
{"level":"info","message":"\u001b[0mGET /api/adjustments?page=1&limit=20 \u001b[32m200\u001b[0m 24.471 ms - 817\u001b[0m","service":"stocksense-backend","timestamp":"2026-09-26T07:17:52.223Z"}
{"level":"info","message":"\u001b[0mGET /api/products \u001b[36m304\u001b[0m 23.190 ms - -\u001b[0m","service":"stocksense-backend","timestamp":"2026-09-26T07:17:52.226Z"}
{"level":"info","message":"\u001b[0mGET /api/locations \u001b[36m304\u001b[0m 13.615 ms - -\u001b[0m","service":"stocksense-backend","timestamp":"2026-09-26T07:17:52.237Z"}
{"level":"info","message":"\u001b[0mGET /api/warehouses \u001b[36m304\u001b[0m 19.239 ms - -\u001b[0m","service":"stocksense-backend","timestamp":"2026-09-26T07:17:52.239Z"}
{"level":"info","message":"\u001b[0mGET /api/adjustments?page=1&limit=20 \u001b[36m304\u001b[0m 23.350 ms - -\u001b[0m","service":"stocksense-backend","timestamp":"2026-09-26T07:17:52.251Z"}
{"level":"info","message":"\u001b[0mGET /api/products \u001b[36m304\u001b[0m 23.130 ms - -\u001b[0m","service":"stocksense-backend","timestamp":"2026-09-26T07:17:52.255Z"}
{"level":"info","message":"\u001b[0mGET /api/stock?page=1&limit=50&movementType= \u001b[32m200\u001b[0m 12.617 ms - 4128\u001b[0m","service":"stocksense-backend","timestamp":"2026-09-26T07:17:54.126Z"}
{"level":"info","message":"\u001b[0mGET /api/stock?page=1&limit=50&movementType= \u001b[36m304\u001b[0m 32.534 ms - -\u001b[0m","service":"stocksense-backend","timestamp":"2026-09-26T07:17:54.164Z"}
{"level":"info","message":"\u001b[0mGET /api/categories \u001b[36m304\u001b[0m 4.864 ms - -\u001b[0m","service":"stocksense-backend","timestamp":"2026-09-26T07:17:59.218Z"}
{"level":"info","message":"\u001b[0mGET /api/products?page=1&limit=20&search=&category= \u001b[36m304\u001b[0m 9.132 ms - -\u001b[0m","service":"stocksense-backend","timestamp":"2026-09-26T07:17:59.224Z"}
{"level":"info","message":"\u001b[0mGET /api/categories \u001b[36m304\u001b[0m 6.287 ms - -\u001b[0m","service":"stocksense-backend","timestamp":"2026-09-26T07:17:59.227Z"}
{"level":"info","message":"\u001b[0mGET /api/products?page=1&limit=20&search=&category= \u001b[36m304\u001b[0m 11.029 ms - -\u001b[0m","service":"stocksense-backend","timestamp":"2026-09-26T07:17:59.239Z"}
{"level":"info","message":"\u001b[0mGET /api/dashboard \u001b[36m304\u001b[0m 33.506 ms - -\u001b[0m","service":"stocksense-backend","timestamp":"2026-09-26T07:18:00.808Z"}
{"level":"info","message":"\u001b[0mGET /api/dashboard \u001b[36m304\u001b[0m 20.751 ms - -\u001b[0m","service":"stocksense-backend","timestamp":"2026-09-26T07:18:00.830Z"}
{"level":"info","message":"\u001b[0mGET /api/warehouses \u001b[36m304\u001b[0m 7.063 ms - -\u001b[0m","service":"stocksense-backend","timestamp":"2026-09-26T07:18:26.492Z"}
{"level":"info","message":"\u001b[0mGET /api/warehouses \u001b[36m304\u001b[0m 7.187 ms - -\u001b[0m","service":"stocksense-backend","timestamp":"2026-09-26T07:18:26.500Z"}
{"level":"info","message":"\u001b[0mGET /api/locations?warehouse=6ab76fa549b9aa0e0937cb2e \u001b[32m200\u001b[0m 5.144 ms - 1205\u001b[0m","service":"stocksense-backend","timestamp":"2026-09-26T07:18:26.506Z"}
{"level":"info","message":"\u001b[0mGET /api/locations?warehouse=6ab76fa549b9aa0e0937cb2e \u001b[36m304\u001b[0m 6.121 ms - -\u001b[0m","service":"stocksense-backend","timestamp":"2026-09-26T07:18:26.513Z"}
{"level":"info","message":"\u001b[0mGET /api/locations?warehouse=6ab76fa549b9aa0e0937cb2f \u001b[32m200\u001b[0m 7.444 ms - 617\u001b[0m","service":"stocksense-backend","timestamp":"2026-09-26T07:18:28.052Z"}
{"level":"info","message":"\u001b[0mGET /api/locations?warehouse=6ab76fa549b9aa0e0937cb2e \u001b[36m304\u001b[0m 8.003 ms - -\u001b[0m","service":"stocksense-backend","timestamp":"2026-09-26T07:18:28.987Z"}
{"level":"info","message":"\u001b[0mGET /api/locations?warehouse=6ab76fa549b9aa0e0937cb2f \u001b[36m304\u001b[0m 26.674 ms - -\u001b[0m","service":"stocksense-backend","timestamp":"2026-09-26T07:18:32.832Z"}
{"level":"info","message":"\u001b[0mGET /api/locations?warehouse=6ab76fa549b9aa0e0937cb2e \u001b[36m304\u001b[0m 14.732 ms - -\u001b[0m","service":"stocksense-backend","timestamp":"2026-09-26T07:18:43.725Z"}
{"level":"info","message":"\u001b[0mGET /api/locations?warehouse=6ab76fa549b9aa0e0937cb2f \u001b[36m304\u001b[0m 16.122 ms - -\u001b[0m","service":"stocksense-backend","timestamp":"2026-09-26T07:18:44.743Z"}
{"level":"info","message":"\u001b[0mGET /api/locations?warehouse=6ab76fa549b9aa0e0937cb2e \u001b[36m304\u001b[0m 22.443 ms - -\u001b[0m","service":"stocksense-backend","timestamp":"2026-09-26T07:18:45.633Z"}
{"level":"info","message":"\u001b[0mGET /api/categories \u001b[36m304\u001b[0m 7.706 ms - -\u001b[0m","service":"stocksense-backend","timestamp":"2026-09-26T07:18:54.733Z"}
{"level":"info","message":"\u001b[0mGET /api/categories \u001b[36m304\u001b[0m 3.798 ms - -\u001b[0m","service":"stocksense-backend","timestamp":"2026-09-26T07:18:54.738Z"}
{"level":"info","message":"\u001b[0mGET /api/products?page=1&limit=20&search=&category= \u001b[36m304\u001b[0m 12.384 ms - -\u001b[0m","service":"stocksense-backend","timestamp":"2026-09-26T07:18:54.739Z"}
{"level":"info","message":"\u001b[0mGET /api/products?page=1&limit=20&search=&category= \u001b[36m304\u001b[0m 10.569 ms - -\u001b[0m","service":"stocksense-backend","timestamp":"2026-09-26T07:18:54.751Z"}
{"level":"info","message":"\u001b[0mGET /api/suppliers \u001b[36m304\u001b[0m 5.008 ms - -\u001b[0m","service":"stocksense-backend","timestamp":"2026-09-26T07:19:18.435Z"}
{"level":"info","message":"\u001b[0mGET /api/warehouses \u001b[36m304\u001b[0m 19.678 ms - -\u001b[0m","service":"stocksense-backend","timestamp":"2026-09-26T07:19:18.444Z"}
{"level":"info","message":"\u001b[0mGET /api/locations \u001b[36m304\u001b[0m 18.607 ms - -\u001b[0m","service":"stocksense-backend","timestamp":"2026-09-26T07:19:18.445Z"}
{"level":"info","message":"\u001b[0mGET /api/suppliers \u001b[36m304\u001b[0m 7.847 ms - -\u001b[0m","service":"stocksense-backend","timestamp":"2026-09-26T07:19:18.447Z"}
{"level":"info","message":"\u001b[0mGET /api/receipts?page=1&limit=20&status= \u001b[36m304\u001b[0m 30.511 ms - -\u001b[0m","service":"stocksense-backend","timestamp":"2026-09-26T07:19:18.451Z"}
{"level":"info","message":"\u001b[0mGET /api/products \u001b[36m304\u001b[0m 29.977 ms - -\u001b[0m","service":"stocksense-backend","timestamp":"2026-09-26T07:19:18.459Z"}
{"level":"info","message":"\u001b[0mGET /api/locations \u001b[36m304\u001b[0m 16.476 ms - -\u001b[0m","service":"stocksense-backend","timestamp":"2026-09-26T07:19:18.472Z"}
{"level":"info","message":"\u001b[0mGET /api/warehouses \u001b[36m304\u001b[0m 20.854 ms - -\u001b[0m","service":"stocksense-backend","timestamp":"2026-09-26T07:19:18.474Z"}
{"level":"info","message":"\u001b[0mGET /api/receipts?page=1&limit=20&status= \u001b[36m304\u001b[0m 24.844 ms - -\u001b[0m","service":"stocksense-backend","timestamp":"2026-09-26T07:19:18.485Z"}
{"level":"info","message":"\u001b[0mGET /api/products \u001b[36m304\u001b[0m 27.530 ms - -\u001b[0m","service":"stocksense-backend","timestamp":"2026-09-26T07:19:18.490Z"}
{"level":"info","message":"\u001b[0mGET /api/receipts/6ab76fa549b9aa0e0937cb5f \u001b[32m200\u001b[0m 15.168 ms - 731\u001b[0m","service":"stocksense-backend","timestamp":"2026-09-26T07:19:20.824Z"}
{"level":"info","message":"\u001b[0mGET /api/receipts/6ab76fa549b9aa0e0937cb5f \u001b[36m304\u001b[0m 24.138 ms - -\u001b[0m","service":"stocksense-backend","timestamp":"2026-09-26T07:19:25.496Z"}
{"level":"info","message":"\u001b[0mGET /api/receipts/6ab76fa549b9aa0e0937cb5d \u001b[32m200\u001b[0m 15.667 ms - 1597\u001b[0m","service":"stocksense-backend","timestamp":"2026-09-26T07:19:29.495Z"}
{"level":"info","message":"\u001b[0mGET /api/customers \u001b[36m304\u001b[0m 4.651 ms - -\u001b[0m","service":"stocksense-backend","timestamp":"2026-09-26T07:19:35.528Z"}
{"level":"info","message":"\u001b[0mGET /api/warehouses \u001b[36m304\u001b[0m 20.043 ms - -\u001b[0m","service":"stocksense-backend","timestamp":"2026-09-26T07:19:35.538Z"}
{"level":"info","message":"\u001b[0mGET /api/locations \u001b[36m304\u001b[0m 17.982 ms - -\u001b[0m","service":"stocksense-backend","timestamp":"2026-09-26T07:19:35.539Z"}
{"level":"info","message":"\u001b[0mGET /api/customers \u001b[36m304\u001b[0m 8.787 ms - -\u001b[0m","service":"stocksense-backend","timestamp":"2026-09-26T07:19:35.541Z"}
{"level":"info","message":"\u001b[0mGET /api/deliveries?page=1&limit=20&status= \u001b[36m304\u001b[0m 30.919 ms - -\u001b[0m","service":"stocksense-backend","timestamp":"2026-09-26T07:19:35.547Z"}
{"level":"info","message":"\u001b[0mGET /api/products \u001b[36m304\u001b[0m 26.912 ms - -\u001b[0m","service":"stocksense-backend","timestamp":"2026-09-26T07:19:35.551Z"}
{"level":"info","message":"\u001b[0mGET /api/warehouses \u001b[36m304\u001b[0m 14.808 ms - -\u001b[0m","service":"stocksense-backend","timestamp":"2026-09-26T07:19:35.562Z"}
{"level":"info","message":"\u001b[0mGET /api/locations \u001b[36m304\u001b[0m 14.034 ms - -\u001b[0m","service":"stocksense-backend","timestamp":"2026-09-26T07:19:35.563Z"}
{"level":"info","message":"\u001b[0mGET /api/deliveries?page=1&limit=20&status= \u001b[36m304\u001b[0m 22.514 ms - -\u001b[0m","service":"stocksense-backend","timestamp":"2026-09-26T07:19:35.575Z"}
{"level":"info","message":"\u001b[0mGET /api/products \u001b[36m304\u001b[0m 20.970 ms - -\u001b[0m","service":"stocksense-backend","timestamp":"2026-09-26T07:19:35.577Z"}
{"level":"info","message":"\u001b[0mGET /api/warehouses \u001b[36m304\u001b[0m 18.091 ms - -\u001b[0m","service":"stocksense-backend","timestamp":"2026-09-26T07:19:36.651Z"}
{"level":"info","message":"\u001b[0mGET /api/locations \u001b[36m304\u001b[0m 15.306 ms - -\u001b[0m","service":"stocksense-backend","timestamp":"2026-09-26T07:19:36.653Z"}
{"level":"info","message":"\u001b[0mGET /api/products \u001b[36m304\u001b[0m 26.655 ms - -\u001b[0m","service":"stocksense-backend","timestamp":"2026-09-26T07:19:36.671Z"}
{"level":"info","message":"\u001b[0mGET /api/transfers?page=1&limit=20&status= \u001b[36m304\u001b[0m 33.470 ms - -\u001b[0m","service":"stocksense-backend","timestamp":"2026-09-26T07:19:36.675Z"}
{"level":"info","message":"\u001b[0mGET /api/locations \u001b[36m304\u001b[0m 19.091 ms - -\u001b[0m","service":"stocksense-backend","timestamp":"2026-09-26T07:19:36.686Z"}
{"level":"info","message":"\u001b[0mGET /api/warehouses \u001b[36m304\u001b[0m 24.937 ms - -\u001b[0m","service":"stocksense-backend","timestamp":"2026-09-26T07:19:36.689Z"}
{"level":"info","message":"\u001b[0mGET /api/products \u001b[36m304\u001b[0m 18.008 ms - -\u001b[0m","service":"stocksense-backend","timestamp":"2026-09-26T07:19:36.696Z"}
{"level":"info","message":"\u001b[0mGET /api/transfers?page=1&limit=20&status= \u001b[36m304\u001b[0m 17.915 ms - -\u001b[0m","service":"stocksense-backend","timestamp":"2026-09-26T07:19:36.698Z"}
{"level":"info","message":"\u001b[0mGET /api/warehouses \u001b[36m304\u001b[0m 18.922 ms - -\u001b[0m","service":"stocksense-backend","timestamp":"2026-09-26T07:19:37.793Z"}
{"level":"info","message":"\u001b[0mGET /api/locations \u001b[36m304\u001b[0m 13.397 ms - -\u001b[0m","service":"stocksense-backend","timestamp":"2026-09-26T07:19:37.794Z"}
{"level":"info","message":"\u001b[0mGET /api/adjustments?page=1&limit=20 \u001b[36m304\u001b[0m 24.967 ms - -\u001b[0m","service":"stocksense-backend","timestamp":"2026-09-26T07:19:37.797Z"}
{"level":"info","message":"\u001b[0mGET /api/products \u001b[36m304\u001b[0m 18.223 ms - -\u001b[0m","service":"stocksense-backend","timestamp":"2026-09-26T07:19:37.801Z"}
{"level":"info","message":"\u001b[0mGET /api/warehouses \u001b[36m304\u001b[0m 13.866 ms - -\u001b[0m","service":"stocksense-backend","timestamp":"2026-09-26T07:19:37.812Z"}
{"level":"info","message":"\u001b[0mGET /api/locations \u001b[36m304\u001b[0m 14.454 ms - -\u001b[0m","service":"stocksense-backend","timestamp":"2026-09-26T07:19:37.814Z"}
{"level":"info","message":"\u001b[0mGET /api/adjustments?page=1&limit=20 \u001b[36m304\u001b[0m 19.025 ms - -\u001b[0m","service":"stocksense-backend","timestamp":"2026-09-26T07:19:37.821Z"}
{"level":"info","message":"\u001b[0mGET /api/products \u001b[36m304\u001b[0m 17.070 ms - -\u001b[0m","service":"stocksense-backend","timestamp":"2026-09-26T07:19:37.822Z"}
{"level":"info","message":"\u001b[0mGET /api/stock?page=1&limit=50&movementType= \u001b[36m304\u001b[0m 11.536 ms - -\u001b[0m","service":"stocksense-backend","timestamp":"2026-09-26T07:19:39.608Z"}
{"level":"info","message":"\u001b[0mGET /api/stock?page=1&limit=50&movementType= \u001b[36m304\u001b[0m 8.642 ms - -\u001b[0m","service":"stocksense-backend","timestamp":"2026-09-26T07:19:39.618Z"}
{"level":"info","message":"\u001b[0mGET /api/suppliers \u001b[36m304\u001b[0m 9.777 ms - -\u001b[0m","service":"stocksense-backend","timestamp":"2026-09-26T07:19:40.915Z"}
{"level":"info","message":"\u001b[0mGET /api/locations \u001b[36m304\u001b[0m 31.570 ms - -\u001b[0m","service":"stocksense-backend","timestamp":"2026-09-26T07:19:40.933Z"}
{"level":"info","message":"\u001b[0mGET /api/suppliers \u001b[36m304\u001b[0m 14.439 ms - -\u001b[0m","service":"stocksense-backend","timestamp":"2026-09-26T07:19:40.937Z"}
{"level":"info","message":"\u001b[0mGET /api/warehouses \u001b[36m304\u001b[0m 42.654 ms - -\u001b[0m","service":"stocksense-backend","timestamp":"2026-09-26T07:19:40.940Z"}
{"level":"info","message":"\u001b[0mGET /api/receipts?page=1&limit=20&status= \u001b[36m304\u001b[0m 52.769 ms - -\u001b[0m","service":"stocksense-backend","timestamp":"2026-09-26T07:19:40.948Z"}
{"level":"info","message":"\u001b[0mGET /api/products \u001b[36m304\u001b[0m 56.943 ms - -\u001b[0m","service":"stocksense-backend","timestamp":"2026-09-26T07:19:40.963Z"}
{"level":"info","message":"\u001b[0mGET /api/locations \u001b[36m304\u001b[0m 21.757 ms - -\u001b[0m","service":"stocksense-backend","timestamp":"2026-09-26T07:19:40.973Z"}
{"level":"info","message":"\u001b[0mGET /api/warehouses \u001b[36m304\u001b[0m 20.167 ms - -\u001b[0m","service":"stocksense-backend","timestamp":"2026-09-26T07:19:40.974Z"}
{"level":"info","message":"\u001b[0mGET /api/receipts?page=1&limit=20&status= \u001b[36m304\u001b[0m 20.770 ms - -\u001b[0m","service":"stocksense-backend","timestamp":"2026-09-26T07:19:40.979Z"}
{"level":"info","message":"\u001b[0mGET /api/products \u001b[36m304\u001b[0m 15.913 ms - -\u001b[0m","service":"stocksense-backend","timestamp":"2026-09-26T07:19:40.982Z"}
{"level":"info","message":"\u001b[0mGET /api/stock?page=1&limit=50&movementType= \u001b[36m304\u001b[0m 10.797 ms - -\u001b[0m","service":"stocksense-backend","timestamp":"2026-09-26T07:19:59.246Z"}
{"level":"info","message":"\u001b[0mGET /api/stock?page=1&limit=50&movementType= \u001b[36m304\u001b[0m 7.459 ms - -\u001b[0m","service":"stocksense-backend","timestamp":"2026-09-26T07:19:59.255Z"}
{"level":"info","message":"\u001b[0mPOST /api/auth/login \u001b[32m200\u001b[0m 736.404 ms - 459\u001b[0m","service":"stocksense-backend","timestamp":"2026-09-26T07:20:14.672Z"}
{"level":"info","message":"\u001b[0mGET /api/dashboard \u001b[36m304\u001b[0m 33.025 ms - -\u001b[0m","service":"stocksense-backend","timestamp":"2026-09-26T07:20:14.784Z"}
{"level":"info","message":"\u001b[0mGET /api/dashboard \u001b[36m304\u001b[0m 18.306 ms - -\u001b[0m","service":"stocksense-backend","timestamp":"2026-09-26T07:20:14.803Z"}
{"level":"info","message":"\u001b[0mGET /api/categories \u001b[36m304\u001b[0m 5.646 ms - -\u001b[0m","service":"stocksense-backend","timestamp":"2026-09-26T07:20:26.971Z"}
{"level":"info","message":"\u001b[0mGET /api/products?page=1&limit=20&search=&category= \u001b[36m304\u001b[0m 9.352 ms - -\u001b[0m","service":"stocksense-backend","timestamp":"2026-09-26T07:20:26.978Z"}
{"level":"info","message":"\u001b[0mGET /api/categories \u001b[36m304\u001b[0m 7.125 ms - -\u001b[0m","service":"stocksense-backend","timestamp":"2026-09-26T07:20:26.980Z"}
{"level":"info","message":"\u001b[0mGET /api/products?page=1&limit=20&search=&category= \u001b[36m304\u001b[0m 8.561 ms - -\u001b[0m","service":"stocksense-backend","timestamp":"2026-09-26T07:20:26.991Z"}
{"level":"info","message":"\u001b[0mGET /api/dashboard \u001b[36m304\u001b[0m 28.520 ms - -\u001b[0m","service":"stocksense-backend","timestamp":"2026-09-26T07:20:29.760Z"}
{"level":"info","message":"\u001b[0mGET /api/dashboard \u001b[36m304\u001b[0m 16.013 ms - -\u001b[0m","service":"stocksense-backend","timestamp":"2026-09-26T07:20:29.777Z"}
{"level":"info","message":"\u001b[0mGET /api/categories \u001b[36m304\u001b[0m 5.742 ms - -\u001b[0m","service":"stocksense-backend","timestamp":"2026-09-26T07:20:31.083Z"}
{"level":"info","message":"\u001b[0mGET /api/products?page=1&limit=20&search=&category= \u001b[36m304\u001b[0m 11.517 ms - -\u001b[0m","service":"stocksense-backend","timestamp":"2026-09-26T07:20:31.091Z"}
{"level":"info","message":"\u001b[0mGET /api/categories \u001b[36m304\u001b[0m 8.193 ms - -\u001b[0m","service":"stocksense-backend","timestamp":"2026-09-26T07:20:31.093Z"}
{"level":"info","message":"\u001b[0mGET /api/products?page=1&limit=20&search=&category= \u001b[36m304\u001b[0m 8.043 ms - -\u001b[0m","service":"stocksense-backend","timestamp":"2026-09-26T07:20:31.103Z"}
{"level":"info","message":"\u001b[0mGET /api/warehouses \u001b[36m304\u001b[0m 9.849 ms - -\u001b[0m","service":"stocksense-backend","timestamp":"2026-09-26T07:20:34.364Z"}
{"level":"info","message":"\u001b[0mGET /api/warehouses \u001b[36m304\u001b[0m 5.684 ms - -\u001b[0m","service":"stocksense-backend","timestamp":"2026-09-26T07:20:34.371Z"}
{"level":"info","message":"\u001b[0mGET /api/locations?warehouse=6ab76fa549b9aa0e0937cb2e \u001b[36m304\u001b[0m 9.077 ms - -\u001b[0m","service":"stocksense-backend","timestamp":"2026-09-26T07:20:34.385Z"}
{"level":"info","message":"\u001b[0mGET /api/locations?warehouse=6ab76fa549b9aa0e0937cb2e \u001b[36m304\u001b[0m 7.151 ms - -\u001b[0m","service":"stocksense-backend","timestamp":"2026-09-26T07:20:34.394Z"}
{"level":"info","message":"\u001b[0mGET /api/stock?page=1&limit=50&movementType= \u001b[36m304\u001b[0m 14.071 ms - -\u001b[0m","service":"stocksense-backend","timestamp":"2026-09-26T07:20:36.261Z"}
{"level":"info","message":"\u001b[0mGET /api/stock?page=1&limit=50&movementType= \u001b[36m304\u001b[0m 8.809 ms - -\u001b[0m","service":"stocksense-backend","timestamp":"2026-09-26T07:20:36.272Z"}
{"level":"info","message":"\u001b[0mGET /api/warehouses \u001b[36m304\u001b[0m 10.363 ms - -\u001b[0m","service":"stocksense-backend","timestamp":"2026-09-26T07:20:37.054Z"}
{"level":"info","message":"\u001b[0mGET /api/locations \u001b[36m304\u001b[0m 14.919 ms - -\u001b[0m","service":"stocksense-backend","timestamp":"2026-09-26T07:20:37.059Z"}
{"level":"info","message":"\u001b[0mGET /api/adjustments?page=1&limit=20 \u001b[36m304\u001b[0m 23.188 ms - -\u001b[0m","service":"stocksense-backend","timestamp":"2026-09-26T07:20:37.065Z"}
{"level":"info","message":"\u001b[0mGET /api/products \u001b[36m304\u001b[0m 22.178 ms - -\u001b[0m","service":"stocksense-backend","timestamp":"2026-09-26T07:20:37.067Z"}
{"level":"info","message":"\u001b[0mGET /api/warehouses \u001b[36m304\u001b[0m 15.342 ms - -\u001b[0m","service":"stocksense-backend","timestamp":"2026-09-26T07:20:37.078Z"}
{"level":"info","message":"\u001b[0mGET /api/locations \u001b[36m304\u001b[0m 15.291 ms - -\u001b[0m","service":"stocksense-backend","timestamp":"2026-09-26T07:20:37.081Z"}
{"level":"info","message":"\u001b[0mGET /api/adjustments?page=1&limit=20 \u001b[36m304\u001b[0m 17.716 ms - -\u001b[0m","service":"stocksense-backend","timestamp":"2026-09-26T07:20:37.087Z"}
{"level":"info","message":"\u001b[0mGET /api/products \u001b[36m304\u001b[0m 17.717 ms - -\u001b[0m","service":"stocksense-backend","timestamp":"2026-09-26T07:20:37.089Z"}
{"level":"info","message":"\u001b[0mGET /api/warehouses \u001b[36m304\u001b[0m 16.274 ms - -\u001b[0m","service":"stocksense-backend","timestamp":"2026-09-26T07:20:38.364Z"}
{"level":"info","message":"\u001b[0mGET /api/locations \u001b[36m304\u001b[0m 15.759 ms - -\u001b[0m","service":"stocksense-backend","timestamp":"2026-09-26T07:20:38.365Z"}
{"level":"info","message":"\u001b[0mGET /api/transfers?page=1&limit=20&status= \u001b[36m304\u001b[0m 23.025 ms - -\u001b[0m","service":"stocksense-backend","timestamp":"2026-09-26T07:20:38.369Z"}
{"level":"info","message":"\u001b[0mGET /api/products \u001b[36m304\u001b[0m 24.686 ms - -\u001b[0m","service":"stocksense-backend","timestamp":"2026-09-26T07:20:38.376Z"}
{"level":"info","message":"\u001b[0mGET /api/warehouses \u001b[36m304\u001b[0m 14.761 ms - -\u001b[0m","service":"stocksense-backend","timestamp":"2026-09-26T07:20:38.385Z"}
{"level":"info","message":"\u001b[0mGET /api/locations \u001b[36m304\u001b[0m 14.816 ms - -\u001b[0m","service":"stocksense-backend","timestamp":"2026-09-26T07:20:38.387Z"}
{"level":"info","message":"\u001b[0mGET /api/transfers?page=1&limit=20&status= \u001b[36m304\u001b[0m 21.243 ms - -\u001b[0m","service":"stocksense-backend","timestamp":"2026-09-26T07:20:38.398Z"}
{"level":"info","message":"\u001b[0mGET /api/products \u001b[36m304\u001b[0m 19.936 ms - -\u001b[0m","service":"stocksense-backend","timestamp":"2026-09-26T07:20:38.399Z"}
{"level":"info","message":"\u001b[0mGET /api/customers \u001b[36m304\u001b[0m 5.803 ms - -\u001b[0m","service":"stocksense-backend","timestamp":"2026-09-26T07:20:40.769Z"}
{"level":"info","message":"\u001b[0mGET /api/locations \u001b[36m304\u001b[0m 19.906 ms - -\u001b[0m","service":"stocksense-backend","timestamp":"2026-09-26T07:20:40.777Z"}
{"level":"info","message":"\u001b[0mGET /api/warehouses \u001b[36m304\u001b[0m 21.467 ms - -\u001b[0m","service":"stocksense-backend","timestamp":"2026-09-26T07:20:40.783Z"}
{"level":"info","message":"\u001b[0mGET /api/customers \u001b[36m304\u001b[0m 8.339 ms - -\u001b[0m","service":"stocksense-backend","timestamp":"2026-09-26T07:20:40.784Z"}
{"level":"info","message":"\u001b[0mGET /api/deliveries?page=1&limit=20&status= \u001b[36m304\u001b[0m 30.864 ms - -\u001b[0m","service":"stocksense-backend","timestamp":"2026-09-26T07:20:40.791Z"}
{"level":"info","message":"\u001b[0mGET /api/products \u001b[36m304\u001b[0m 31.068 ms - -\u001b[0m","service":"stocksense-backend","timestamp":"2026-09-26T07:20:40.795Z"}
{"level":"info","message":"\u001b[0mGET /api/locations \u001b[36m304\u001b[0m 20.803 ms - -\u001b[0m","service":"stocksense-backend","timestamp":"2026-09-26T07:20:40.805Z"}
{"level":"info","message":"\u001b[0mGET /api/warehouses \u001b[36m304\u001b[0m 16.622 ms - -\u001b[0m","service":"stocksense-backend","timestamp":"2026-09-26T07:20:40.809Z"}
{"level":"info","message":"\u001b[0mGET /api/deliveries?page=1&limit=20&status= \u001b[36m304\u001b[0m 18.114 ms - -\u001b[0m","service":"stocksense-backend","timestamp":"2026-09-26T07:20:40.814Z"}
{"level":"info","message":"\u001b[0mGET /api/products \u001b[36m304\u001b[0m 16.335 ms - -\u001b[0m","service":"stocksense-backend","timestamp":"2026-09-26T07:20:40.816Z"}
{"level":"info","message":"\u001b[0mGET /api/suppliers \u001b[36m304\u001b[0m 8.425 ms - -\u001b[0m","service":"stocksense-backend","timestamp":"2026-09-26T07:20:42.241Z"}
{"level":"info","message":"\u001b[0mGET /api/warehouses \u001b[36m304\u001b[0m 33.832 ms - -\u001b[0m","service":"stocksense-backend","timestamp":"2026-09-26T07:20:42.252Z"}
{"level":"info","message":"\u001b[0mGET /api/locations \u001b[36m304\u001b[0m 26.218 ms - -\u001b[0m","service":"stocksense-backend","timestamp":"2026-09-26T07:20:42.256Z"}
{"level":"info","message":"\u001b[0mGET /api/suppliers \u001b[36m304\u001b[0m 6.360 ms - -\u001b[0m","service":"stocksense-backend","timestamp":"2026-09-26T07:20:42.257Z"}
{"level":"info","message":"\u001b[0mGET /api/receipts?page=1&limit=20&status= \u001b[36m304\u001b[0m 41.796 ms - -\u001b[0m","service":"stocksense-backend","timestamp":"2026-09-26T07:20:42.266Z"}
{"level":"info","message":"\u001b[0mGET /api/products \u001b[36m304\u001b[0m 34.754 ms - -\u001b[0m","service":"stocksense-backend","timestamp":"2026-09-26T07:20:42.268Z"}
{"level":"info","message":"\u001b[0mGET /api/locations \u001b[36m304\u001b[0m 10.155 ms - -\u001b[0m","service":"stocksense-backend","timestamp":"2026-09-26T07:20:42.277Z"}
{"level":"info","message":"\u001b[0mGET /api/warehouses \u001b[36m304\u001b[0m 18.151 ms - -\u001b[0m","service":"stocksense-backend","timestamp":"2026-09-26T07:20:42.277Z"}
{"level":"info","message":"\u001b[0mGET /api/receipts?page=1&limit=20&status= \u001b[36m304\u001b[0m 14.946 ms - -\u001b[0m","service":"stocksense-backend","timestamp":"2026-09-26T07:20:42.284Z"}
{"level":"info","message":"\u001b[0mGET /api/products \u001b[36m304\u001b[0m 12.766 ms - -\u001b[0m","service":"stocksense-backend","timestamp":"2026-09-26T07:20:42.286Z"}
{"level":"info","message":"\u001b[0mGET /api/dashboard \u001b[36m304\u001b[0m 29.806 ms - -\u001b[0m","service":"stocksense-backend","timestamp":"2026-09-26T07:20:44.347Z"}
{"level":"info","message":"\u001b[0mGET /api/dashboard \u001b[36m304\u001b[0m 23.836 ms - -\u001b[0m","service":"stocksense-backend","timestamp":"2026-09-26T07:20:44.372Z"}
{"level":"info","message":"MongoDB Connected: localhost","service":"stocksense-backend","timestamp":"2026-09-26T07:42:34.172Z"}
{"level":"info","message":"Server running in development mode on port 5000","service":"stocksense-backend","timestamp":"2026-09-26T07:42:34.193Z"}
{"code":"INVALID_CREDENTIALS","isOperational":true,"level":"error","message":"Invalid email or password","service":"stocksense-backend","stack":"Error: Invalid email or password\n    at Object.login (C:\\Users\\kandl\\PROJECTS\\StockSense\\backend\\src\\services\\auth.service.ts:39:23)\n    at async login (C:\\Users\\kandl\\PROJECTS\\StockSense\\backend\\src\\controllers\\auth.controller.ts:17:20)","statusCode":401,"timestamp":"2026-09-26T07:42:55.651Z"}
{"level":"info","message":"\u001b[0mPOST /api/auth/login \u001b[33m401\u001b[0m 637.759 ms - 350\u001b[0m","service":"stocksense-backend","timestamp":"2026-09-26T07:42:55.658Z"}
{"level":"info","message":"\u001b[0mPOST /api/auth/login \u001b[32m200\u001b[0m 686.915 ms - 461\u001b[0m","service":"stocksense-backend","timestamp":"2026-09-26T07:43:12.885Z"}
{"level":"info","message":"\u001b[0mGET /api/dashboard \u001b[36m304\u001b[0m 267.256 ms - -\u001b[0m","service":"stocksense-backend","timestamp":"2026-09-26T07:43:13.268Z"}
{"level":"info","message":"\u001b[0mGET /api/dashboard \u001b[36m304\u001b[0m 27.507 ms - -\u001b[0m","service":"stocksense-backend","timestamp":"2026-09-26T07:43:13.297Z"}
{"level":"info","message":"\u001b[0mGET /api/categories \u001b[36m304\u001b[0m 38.780 ms - -\u001b[0m","service":"stocksense-backend","timestamp":"2026-09-26T07:43:31.543Z"}
{"level":"info","message":"\u001b[0mGET /api/products?page=1&limit=20&search=&category= \u001b[36m304\u001b[0m 39.697 ms - -\u001b[0m","service":"stocksense-backend","timestamp":"2026-09-26T07:43:31.545Z"}
{"level":"info","message":"\u001b[0mGET /api/categories \u001b[36m304\u001b[0m 6.492 ms - -\u001b[0m","service":"stocksense-backend","timestamp":"2026-09-26T07:43:31.553Z"}
{"level":"info","message":"\u001b[0mGET /api/products?page=1&limit=20&search=&category= \u001b[36m304\u001b[0m 12.394 ms - -\u001b[0m","service":"stocksense-backend","timestamp":"2026-09-26T07:43:31.561Z"}
{"level":"info","message":"\u001b[0mGET /api/dashboard \u001b[36m304\u001b[0m 31.780 ms - -\u001b[0m","service":"stocksense-backend","timestamp":"2026-09-26T07:43:35.142Z"}
{"level":"info","message":"\u001b[0mGET /api/dashboard \u001b[36m304\u001b[0m 21.390 ms - -\u001b[0m","service":"stocksense-backend","timestamp":"2026-09-26T07:43:35.165Z"}
{"level":"info","message":"\u001b[0mGET /api/locations \u001b[36m304\u001b[0m 12.340 ms - -\u001b[0m","service":"stocksense-backend","timestamp":"2026-09-26T07:43:36.506Z"}
{"level":"info","message":"\u001b[0mGET /api/products \u001b[36m304\u001b[0m 16.638 ms - -\u001b[0m","service":"stocksense-backend","timestamp":"2026-09-26T07:43:36.512Z"}
{"level":"info","message":"\u001b[0mGET /api/locations \u001b[36m304\u001b[0m 9.677 ms - -\u001b[0m","service":"stocksense-backend","timestamp":"2026-09-26T07:43:36.520Z"}
{"level":"info","message":"\u001b[0mGET /api/suppliers \u001b[36m304\u001b[0m 29.861 ms - -\u001b[0m","service":"stocksense-backend","timestamp":"2026-09-26T07:43:36.525Z"}
{"level":"info","message":"\u001b[0mGET /api/products \u001b[36m304\u001b[0m 11.762 ms - -\u001b[0m","service":"stocksense-backend","timestamp":"2026-09-26T07:43:36.527Z"}
{"level":"info","message":"\u001b[0mGET /api/suppliers \u001b[36m304\u001b[0m 2.596 ms - -\u001b[0m","service":"stocksense-backend","timestamp":"2026-09-26T07:43:36.531Z"}
{"level":"info","message":"\u001b[0mGET /api/warehouses \u001b[36m304\u001b[0m 235.839 ms - -\u001b[0m","service":"stocksense-backend","timestamp":"2026-09-26T07:43:36.727Z"}
{"level":"info","message":"\u001b[0mGET /api/receipts?page=1&limit=20&status= \u001b[36m304\u001b[0m 247.680 ms - -\u001b[0m","service":"stocksense-backend","timestamp":"2026-09-26T07:43:36.736Z"}
{"level":"info","message":"\u001b[0mGET /api/warehouses \u001b[36m304\u001b[0m 13.037 ms - -\u001b[0m","service":"stocksense-backend","timestamp":"2026-09-26T07:43:36.745Z"}
{"level":"info","message":"\u001b[0mGET /api/receipts?page=1&limit=20&status= \u001b[36m304\u001b[0m 14.680 ms - -\u001b[0m","service":"stocksense-backend","timestamp":"2026-09-26T07:43:36.754Z"}
{"level":"info","message":"\u001b[0mGET /api/warehouses \u001b[36m304\u001b[0m 14.436 ms - -\u001b[0m","service":"stocksense-backend","timestamp":"2026-09-26T07:43:40.342Z"}
{"level":"info","message":"\u001b[0mGET /api/locations \u001b[36m304\u001b[0m 15.240 ms - -\u001b[0m","service":"stocksense-backend","timestamp":"2026-09-26T07:43:40.345Z"}
{"level":"info","message":"\u001b[0mGET /api/customers \u001b[36m304\u001b[0m 15.070 ms - -\u001b[0m","service":"stocksense-backend","timestamp":"2026-09-26T07:43:40.351Z"}
{"level":"info","message":"\u001b[0mGET /api/products \u001b[36m304\u001b[0m 27.263 ms - -\u001b[0m","service":"stocksense-backend","timestamp":"2026-09-26T07:43:40.358Z"}
{"level":"info","message":"\u001b[0mGET /api/customers \u001b[36m304\u001b[0m 4.945 ms - -\u001b[0m","service":"stocksense-backend","timestamp":"2026-09-26T07:43:40.368Z"}
{"level":"info","message":"\u001b[0mGET /api/warehouses \u001b[36m304\u001b[0m 23.800 ms - -\u001b[0m","service":"stocksense-backend","timestamp":"2026-09-26T07:43:40.372Z"}
{"level":"info","message":"\u001b[0mGET /api/locations \u001b[36m304\u001b[0m 24.485 ms - -\u001b[0m","service":"stocksense-backend","timestamp":"2026-09-26T07:43:40.378Z"}
{"level":"info","message":"\u001b[0mGET /api/deliveries?page=1&limit=20&status= \u001b[36m304\u001b[0m 51.076 ms - -\u001b[0m","service":"stocksense-backend","timestamp":"2026-09-26T07:43:40.383Z"}
{"level":"info","message":"\u001b[0mGET /api/products \u001b[36m304\u001b[0m 20.651 ms - -\u001b[0m","service":"stocksense-backend","timestamp":"2026-09-26T07:43:40.386Z"}
{"level":"info","message":"\u001b[0mGET /api/deliveries?page=1&limit=20&status= \u001b[36m304\u001b[0m 8.764 ms - -\u001b[0m","service":"stocksense-backend","timestamp":"2026-09-26T07:43:40.395Z"}
{"level":"info","message":"\u001b[0mGET /api/warehouses \u001b[36m304\u001b[0m 12.969 ms - -\u001b[0m","service":"stocksense-backend","timestamp":"2026-09-26T07:43:48.096Z"}
{"level":"info","message":"\u001b[0mGET /api/locations \u001b[36m304\u001b[0m 10.178 ms - -\u001b[0m","service":"stocksense-backend","timestamp":"2026-09-26T07:43:48.097Z"}
{"level":"info","message":"\u001b[0mGET /api/products \u001b[36m304\u001b[0m 17.701 ms - -\u001b[0m","service":"stocksense-backend","timestamp":"2026-09-26T07:43:48.107Z"}
{"level":"info","message":"\u001b[0mGET /api/locations \u001b[36m304\u001b[0m 10.979 ms - -\u001b[0m","service":"stocksense-backend","timestamp":"2026-09-26T07:43:48.114Z"}
{"level":"info","message":"\u001b[0mGET /api/warehouses \u001b[36m304\u001b[0m 14.539 ms - -\u001b[0m","service":"stocksense-backend","timestamp":"2026-09-26T07:43:48.115Z"}
{"level":"info","message":"\u001b[0mGET /api/products \u001b[36m304\u001b[0m 9.564 ms - -\u001b[0m","service":"stocksense-backend","timestamp":"2026-09-26T07:43:48.120Z"}
{"level":"info","message":"\u001b[0mGET /api/transfers?page=1&limit=20&status= \u001b[36m304\u001b[0m 46.276 ms - -\u001b[0m","service":"stocksense-backend","timestamp":"2026-09-26T07:43:48.132Z"}
{"level":"info","message":"\u001b[0mGET /api/transfers?page=1&limit=20&status= \u001b[36m304\u001b[0m 10.420 ms - -\u001b[0m","service":"stocksense-backend","timestamp":"2026-09-26T07:43:48.143Z"}
{"level":"info","message":"\u001b[0mGET /api/warehouses \u001b[36m304\u001b[0m 21.512 ms - -\u001b[0m","service":"stocksense-backend","timestamp":"2026-09-26T07:43:48.973Z"}
{"level":"info","message":"\u001b[0mGET /api/locations \u001b[36m304\u001b[0m 21.225 ms - -\u001b[0m","service":"stocksense-backend","timestamp":"2026-09-26T07:43:48.976Z"}
{"level":"info","message":"\u001b[0mGET /api/products \u001b[36m304\u001b[0m 23.906 ms - -\u001b[0m","service":"stocksense-backend","timestamp":"2026-09-26T07:43:48.984Z"}
{"level":"info","message":"\u001b[0mGET /api/warehouses \u001b[36m304\u001b[0m 14.951 ms - -\u001b[0m","service":"stocksense-backend","timestamp":"2026-09-26T07:43:48.993Z"}
{"level":"info","message":"\u001b[0mGET /api/locations \u001b[36m304\u001b[0m 14.683 ms - -\u001b[0m","service":"stocksense-backend","timestamp":"2026-09-26T07:43:48.995Z"}
{"level":"info","message":"\u001b[0mGET /api/products \u001b[36m304\u001b[0m 15.512 ms - -\u001b[0m","service":"stocksense-backend","timestamp":"2026-09-26T07:43:49.003Z"}
{"level":"info","message":"\u001b[0mGET /api/adjustments?page=1&limit=20 \u001b[36m304\u001b[0m 43.018 ms - -\u001b[0m","service":"stocksense-backend","timestamp":"2026-09-26T07:43:49.005Z"}
{"level":"info","message":"\u001b[0mGET /api/adjustments?page=1&limit=20 \u001b[36m304\u001b[0m 7.858 ms - -\u001b[0m","service":"stocksense-backend","timestamp":"2026-09-26T07:43:49.014Z"}
{"level":"info","message":"\u001b[0mGET /api/stock?page=1&limit=50&movementType= \u001b[36m304\u001b[0m 15.209 ms - -\u001b[0m","service":"stocksense-backend","timestamp":"2026-09-26T07:43:49.929Z"}
{"level":"info","message":"\u001b[0mGET /api/stock?page=1&limit=50&movementType= \u001b[36m304\u001b[0m 10.465 ms - -\u001b[0m","service":"stocksense-backend","timestamp":"2026-09-26T07:43:49.941Z"}
{"level":"info","message":"\u001b[0mGET /api/dashboard \u001b[36m304\u001b[0m 46.316 ms - -\u001b[0m","service":"stocksense-backend","timestamp":"2026-09-26T08:26:28.529Z"}
{"level":"info","message":"\u001b[0mGET /api/dashboard \u001b[36m304\u001b[0m 28.827 ms - -\u001b[0m","service":"stocksense-backend","timestamp":"2026-09-26T08:26:28.559Z"}
{"level":"info","message":"\u001b[0mGET /api/dashboard \u001b[36m304\u001b[0m 19.233 ms - -\u001b[0m","service":"stocksense-backend","timestamp":"2026-09-26T08:37:27.321Z"}
{"level":"info","message":"\u001b[0mGET /api/dashboard \u001b[36m304\u001b[0m 14.986 ms - -\u001b[0m","service":"stocksense-backend","timestamp":"2026-09-26T08:37:27.337Z"}
{"level":"info","message":"\u001b[0mGET /api/dashboard \u001b[36m304\u001b[0m 19.348 ms - -\u001b[0m","service":"stocksense-backend","timestamp":"2026-09-26T08:38:40.987Z"}
{"level":"info","message":"\u001b[0mGET /api/dashboard \u001b[36m304\u001b[0m 38.331 ms - -\u001b[0m","service":"stocksense-backend","timestamp":"2026-09-26T08:38:41.035Z"}
{"level":"info","message":"\u001b[0mGET /api/categories \u001b[36m304\u001b[0m 6.807 ms - -\u001b[0m","service":"stocksense-backend","timestamp":"2026-09-26T08:39:05.650Z"}
{"level":"info","message":"\u001b[0mGET /api/products?page=1&limit=20&search=&category= \u001b[36m304\u001b[0m 10.539 ms - -\u001b[0m","service":"stocksense-backend","timestamp":"2026-09-26T08:39:05.655Z"}
{"level":"info","message":"\u001b[0mGET /api/categories \u001b[36m304\u001b[0m 5.795 ms - -\u001b[0m","service":"stocksense-backend","timestamp":"2026-09-26T08:39:05.657Z"}
{"level":"info","message":"\u001b[0mGET /api/products?page=1&limit=20&search=&category= \u001b[36m304\u001b[0m 7.237 ms - -\u001b[0m","service":"stocksense-backend","timestamp":"2026-09-26T08:39:05.665Z"}
{"level":"info","message":"\u001b[0mGET /api/suppliers \u001b[36m304\u001b[0m 8.082 ms - -\u001b[0m","service":"stocksense-backend","timestamp":"2026-09-26T08:39:09.547Z"}
{"level":"info","message":"\u001b[0mGET /api/suppliers \u001b[36m304\u001b[0m 5.793 ms - -\u001b[0m","service":"stocksense-backend","timestamp":"2026-09-26T08:39:09.556Z"}
{"level":"info","message":"\u001b[0mGET /api/locations \u001b[36m304\u001b[0m 17.423 ms - -\u001b[0m","service":"stocksense-backend","timestamp":"2026-09-26T08:39:09.559Z"}
{"level":"info","message":"\u001b[0mGET /api/receipts?page=1&limit=20&status= \u001b[36m304\u001b[0m 40.706 ms - -\u001b[0m","service":"stocksense-backend","timestamp":"2026-09-26T08:39:09.566Z"}
{"level":"info","message":"\u001b[0mGET /api/warehouses \u001b[36m304\u001b[0m 35.874 ms - -\u001b[0m","service":"stocksense-backend","timestamp":"2026-09-26T08:39:09.576Z"}
{"level":"info","message":"\u001b[0mGET /api/locations \u001b[36m304\u001b[0m 14.129 ms - -\u001b[0m","service":"stocksense-backend","timestamp":"2026-09-26T08:39:09.577Z"}
{"level":"info","message":"\u001b[0mGET /api/products \u001b[36m304\u001b[0m 38.882 ms - -\u001b[0m","service":"stocksense-backend","timestamp":"2026-09-26T08:39:09.582Z"}
{"level":"info","message":"\u001b[0mGET /api/receipts?page=1&limit=20&status= \u001b[36m304\u001b[0m 21.449 ms - -\u001b[0m","service":"stocksense-backend","timestamp":"2026-09-26T08:39:09.591Z"}
{"level":"info","message":"\u001b[0mGET /api/warehouses \u001b[36m304\u001b[0m 14.891 ms - -\u001b[0m","service":"stocksense-backend","timestamp":"2026-09-26T08:39:09.594Z"}
{"level":"info","message":"\u001b[0mGET /api/products \u001b[36m304\u001b[0m 16.363 ms - -\u001b[0m","service":"stocksense-backend","timestamp":"2026-09-26T08:39:09.603Z"}
{"level":"info","message":"\u001b[0mGET /api/customers \u001b[36m304\u001b[0m 3.836 ms - -\u001b[0m","service":"stocksense-backend","timestamp":"2026-09-26T08:39:10.931Z"}
{"level":"info","message":"\u001b[0mGET /api/locations \u001b[36m304\u001b[0m 12.101 ms - -\u001b[0m","service":"stocksense-backend","timestamp":"2026-09-26T08:39:10.935Z"}
{"level":"info","message":"\u001b[0mGET /api/warehouses \u001b[36m304\u001b[0m 18.208 ms - -\u001b[0m","service":"stocksense-backend","timestamp":"2026-09-26T08:39:10.939Z"}
{"level":"info","message":"\u001b[0mGET /api/customers \u001b[36m304\u001b[0m 5.282 ms - -\u001b[0m","service":"stocksense-backend","timestamp":"2026-09-26T08:39:10.939Z"}
{"level":"info","message":"\u001b[0mGET /api/products \u001b[36m304\u001b[0m 20.213 ms - -\u001b[0m","service":"stocksense-backend","timestamp":"2026-09-26T08:39:10.946Z"}
{"level":"info","message":"\u001b[0mGET /api/deliveries?page=1&limit=20&status= \u001b[36m304\u001b[0m 21.585 ms - -\u001b[0m","service":"stocksense-backend","timestamp":"2026-09-26T08:39:10.949Z"}
{"level":"info","message":"\u001b[0mGET /api/locations \u001b[36m304\u001b[0m 15.528 ms - -\u001b[0m","service":"stocksense-backend","timestamp":"2026-09-26T08:39:10.959Z"}
{"level":"info","message":"\u001b[0mGET /api/warehouses \u001b[36m304\u001b[0m 13.845 ms - -\u001b[0m","service":"stocksense-backend","timestamp":"2026-09-26T08:39:10.961Z"}
{"level":"info","message":"\u001b[0mGET /api/products \u001b[36m304\u001b[0m 15.679 ms - -\u001b[0m","service":"stocksense-backend","timestamp":"2026-09-26T08:39:10.967Z"}
{"level":"info","message":"\u001b[0mGET /api/deliveries?page=1&limit=20&status= \u001b[36m304\u001b[0m 17.614 ms - -\u001b[0m","service":"stocksense-backend","timestamp":"2026-09-26T08:39:10.971Z"}
{"level":"info","message":"\u001b[0mGET /api/warehouses \u001b[36m304\u001b[0m 18.253 ms - -\u001b[0m","service":"stocksense-backend","timestamp":"2026-09-26T08:39:11.986Z"}
{"level":"info","message":"\u001b[0mGET /api/locations \u001b[36m304\u001b[0m 12.335 ms - -\u001b[0m","service":"stocksense-backend","timestamp":"2026-09-26T08:39:11.987Z"}
{"level":"info","message":"\u001b[0mGET /api/products \u001b[36m304\u001b[0m 21.994 ms - -\u001b[0m","service":"stocksense-backend","timestamp":"2026-09-26T08:39:12.000Z"}
{"level":"info","message":"\u001b[0mGET /api/transfers?page=1&limit=20&status= \u001b[36m304\u001b[0m 23.885 ms - -\u001b[0m","service":"stocksense-backend","timestamp":"2026-09-26T08:39:12.004Z"}
{"level":"info","message":"\u001b[0mGET /api/warehouses \u001b[36m304\u001b[0m 17.995 ms - -\u001b[0m","service":"stocksense-backend","timestamp":"2026-09-26T08:39:12.012Z"}
{"level":"info","message":"\u001b[0mGET /api/products \u001b[36m304\u001b[0m 15.503 ms - -\u001b[0m","service":"stocksense-backend","timestamp":"2026-09-26T08:39:12.020Z"}
{"level":"info","message":"\u001b[0mGET /api/transfers?page=1&limit=20&status= \u001b[36m304\u001b[0m 19.294 ms - -\u001b[0m","service":"stocksense-backend","timestamp":"2026-09-26T08:39:12.026Z"}
{"level":"info","message":"\u001b[0mGET /api/locations \u001b[36m304\u001b[0m 30.904 ms - -\u001b[0m","service":"stocksense-backend","timestamp":"2026-09-26T08:39:12.027Z"}
{"level":"info","message":"\u001b[0mGET /api/categories \u001b[36m304\u001b[0m 6.756 ms - -\u001b[0m","service":"stocksense-backend","timestamp":"2026-09-26T08:39:13.419Z"}
{"level":"info","message":"\u001b[0mGET /api/products?page=1&limit=20&search=&category= \u001b[36m304\u001b[0m 9.502 ms - -\u001b[0m","service":"stocksense-backend","timestamp":"2026-09-26T08:39:13.425Z"}
{"level":"info","message":"\u001b[0mGET /api/categories \u001b[36m304\u001b[0m 4.379 ms - -\u001b[0m","service":"stocksense-backend","timestamp":"2026-09-26T08:39:13.426Z"}
{"level":"info","message":"\u001b[0mGET /api/products?page=1&limit=20&search=&category= \u001b[36m304\u001b[0m 6.981 ms - -\u001b[0m","service":"stocksense-backend","timestamp":"2026-09-26T08:39:13.434Z"}
{"level":"info","message":"\u001b[0mGET /api/dashboard \u001b[36m304\u001b[0m 28.391 ms - -\u001b[0m","service":"stocksense-backend","timestamp":"2026-09-26T08:39:15.253Z"}
{"level":"info","message":"\u001b[0mGET /api/dashboard \u001b[36m304\u001b[0m 22.534 ms - -\u001b[0m","service":"stocksense-backend","timestamp":"2026-09-26T08:39:15.277Z"}
{"level":"info","message":"\u001b[0mGET /api/dashboard \u001b[0m-\u001b[0m - ms - -\u001b[0m","service":"stocksense-backend","timestamp":"2026-09-26T08:40:16.266Z"}
{"level":"info","message":"\u001b[0mGET /api/dashboard \u001b[32m200\u001b[0m 17.677 ms - 3839\u001b[0m","service":"stocksense-backend","timestamp":"2026-09-26T08:40:16.468Z"}
{"level":"info","message":"\u001b[0mGET /api/dashboard \u001b[36m304\u001b[0m 16.334 ms - -\u001b[0m","service":"stocksense-backend","timestamp":"2026-09-26T08:40:16.486Z"}
{"level":"info","message":"\u001b[0mGET /api/dashboard \u001b[36m304\u001b[0m 23.319 ms - -\u001b[0m","service":"stocksense-backend","timestamp":"2026-09-26T08:40:53.940Z"}
{"level":"info","message":"\u001b[0mGET /api/dashboard \u001b[36m304\u001b[0m 21.839 ms - -\u001b[0m","service":"stocksense-backend","timestamp":"2026-09-26T08:40:53.963Z"}
{"level":"info","message":"\u001b[0mGET /api/dashboard \u001b[36m304\u001b[0m 23.801 ms - -\u001b[0m","service":"stocksense-backend","timestamp":"2026-09-26T08:40:56.482Z"}
{"level":"info","message":"\u001b[0mGET /api/dashboard \u001b[36m304\u001b[0m 29.440 ms - -\u001b[0m","service":"stocksense-backend","timestamp":"2026-09-26T08:40:56.512Z"}
{"level":"info","message":"\u001b[0mGET /api/categories \u001b[36m304\u001b[0m 6.172 ms - -\u001b[0m","service":"stocksense-backend","timestamp":"2026-09-26T08:40:58.732Z"}
{"level":"info","message":"\u001b[0mGET /api/products?page=1&limit=20&search=&category= \u001b[36m304\u001b[0m 14.057 ms - -\u001b[0m","service":"stocksense-backend","timestamp":"2026-09-26T08:40:58.743Z"}
{"level":"info","message":"\u001b[0mGET /api/categories \u001b[36m304\u001b[0m 7.840 ms - -\u001b[0m","service":"stocksense-backend","timestamp":"2026-09-26T08:40:58.744Z"}
{"level":"info","message":"\u001b[0mGET /api/products?page=1&limit=20&search=&category= \u001b[36m304\u001b[0m 8.467 ms - -\u001b[0m","service":"stocksense-backend","timestamp":"2026-09-26T08:40:58.754Z"}
{"level":"info","message":"\u001b[0mGET /api/suppliers \u001b[36m304\u001b[0m 2.660 ms - -\u001b[0m","service":"stocksense-backend","timestamp":"2026-09-26T08:41:02.296Z"}
{"level":"info","message":"\u001b[0mGET /api/warehouses \u001b[36m304\u001b[0m 12.854 ms - -\u001b[0m","service":"stocksense-backend","timestamp":"2026-09-26T08:41:02.304Z"}
{"level":"info","message":"\u001b[0mGET /api/locations \u001b[36m304\u001b[0m 12.943 ms - -\u001b[0m","service":"stocksense-backend","timestamp":"2026-09-26T08:41:02.305Z"}
{"level":"info","message":"\u001b[0mGET /api/suppliers \u001b[36m304\u001b[0m 6.739 ms - -\u001b[0m","service":"stocksense-backend","timestamp":"2026-09-26T08:41:02.306Z"}
{"level":"info","message":"\u001b[0mGET /api/products \u001b[36m304\u001b[0m 22.832 ms - -\u001b[0m","service":"stocksense-backend","timestamp":"2026-09-26T08:41:02.317Z"}
{"level":"info","message":"\u001b[0mGET /api/locations \u001b[36m304\u001b[0m 9.825 ms - -\u001b[0m","service":"stocksense-backend","timestamp":"2026-09-26T08:41:02.323Z"}
{"level":"info","message":"\u001b[0mGET /api/warehouses \u001b[36m304\u001b[0m 13.142 ms - -\u001b[0m","service":"stocksense-backend","timestamp":"2026-09-26T08:41:02.324Z"}
{"level":"info","message":"\u001b[0mGET /api/receipts?page=1&limit=20&status= \u001b[36m304\u001b[0m 36.980 ms - -\u001b[0m","service":"stocksense-backend","timestamp":"2026-09-26T08:41:02.327Z"}
{"level":"info","message":"\u001b[0mGET /api/products \u001b[36m304\u001b[0m 13.768 ms - -\u001b[0m","service":"stocksense-backend","timestamp":"2026-09-26T08:41:02.333Z"}
{"level":"info","message":"\u001b[0mGET /api/receipts?page=1&limit=20&status= \u001b[36m304\u001b[0m 13.752 ms - -\u001b[0m","service":"stocksense-backend","timestamp":"2026-09-26T08:41:02.342Z"}
{"level":"info","message":"\u001b[0mGET /api/customers \u001b[36m304\u001b[0m 8.420 ms - -\u001b[0m","service":"stocksense-backend","timestamp":"2026-09-26T08:41:03.098Z"}
{"level":"info","message":"\u001b[0mGET /api/warehouses \u001b[36m304\u001b[0m 26.642 ms - -\u001b[0m","service":"stocksense-backend","timestamp":"2026-09-26T08:41:03.108Z"}
{"level":"info","message":"\u001b[0mGET /api/locations \u001b[36m304\u001b[0m 27.237 ms - -\u001b[0m","service":"stocksense-backend","timestamp":"2026-09-26T08:41:03.111Z"}
{"level":"info","message":"\u001b[0mGET /api/customers \u001b[36m304\u001b[0m 9.400 ms - -\u001b[0m","service":"stocksense-backend","timestamp":"2026-09-26T08:41:03.113Z"}
{"level":"info","message":"\u001b[0mGET /api/products \u001b[36m304\u001b[0m 37.126 ms - -\u001b[0m","service":"stocksense-backend","timestamp":"2026-09-26T08:41:03.116Z"}
{"level":"info","message":"\u001b[0mGET /api/deliveries?page=1&limit=20&status= \u001b[36m304\u001b[0m 32.922 ms - -\u001b[0m","service":"stocksense-backend","timestamp":"2026-09-26T08:41:03.124Z"}
{"level":"info","message":"\u001b[0mGET /api/locations \u001b[36m304\u001b[0m 14.270 ms - -\u001b[0m","service":"stocksense-backend","timestamp":"2026-09-26T08:41:03.134Z"}
{"level":"info","message":"\u001b[0mGET /api/warehouses \u001b[36m304\u001b[0m 18.341 ms - -\u001b[0m","service":"stocksense-backend","timestamp":"2026-09-26T08:41:03.136Z"}
{"level":"info","message":"\u001b[0mGET /api/products \u001b[36m304\u001b[0m 14.049 ms - -\u001b[0m","service":"stocksense-backend","timestamp":"2026-09-26T08:41:03.140Z"}
{"level":"info","message":"\u001b[0mGET /api/deliveries?page=1&limit=20&status= \u001b[36m304\u001b[0m 14.350 ms - -\u001b[0m","service":"stocksense-backend","timestamp":"2026-09-26T08:41:03.144Z"}
{"level":"info","message":"\u001b[0mGET /api/suppliers \u001b[36m304\u001b[0m 7.896 ms - -\u001b[0m","service":"stocksense-backend","timestamp":"2026-09-26T08:41:04.367Z"}
{"level":"info","message":"\u001b[0mGET /api/warehouses \u001b[36m304\u001b[0m 23.618 ms - -\u001b[0m","service":"stocksense-backend","timestamp":"2026-09-26T08:41:04.378Z"}
{"level":"info","message":"\u001b[0mGET /api/locations \u001b[36m304\u001b[0m 22.449 ms - -\u001b[0m","service":"stocksense-backend","timestamp":"2026-09-26T08:41:04.379Z"}
{"level":"info","message":"\u001b[0mGET /api/suppliers \u001b[36m304\u001b[0m 8.073 ms - -\u001b[0m","service":"stocksense-backend","timestamp":"2026-09-26T08:41:04.380Z"}
{"level":"info","message":"\u001b[0mGET /api/receipts?page=1&limit=20&status= \u001b[36m304\u001b[0m 30.520 ms - -\u001b[0m","service":"stocksense-backend","timestamp":"2026-09-26T08:41:04.383Z"}
{"level":"info","message":"\u001b[0mGET /api/products \u001b[36m304\u001b[0m 33.899 ms - -\u001b[0m","service":"stocksense-backend","timestamp":"2026-09-26T08:41:04.394Z"}
{"level":"info","message":"\u001b[0mGET /api/warehouses \u001b[36m304\u001b[0m 17.502 ms - -\u001b[0m","service":"stocksense-backend","timestamp":"2026-09-26T08:41:04.402Z"}
{"level":"info","message":"\u001b[0mGET /api/locations \u001b[36m304\u001b[0m 17.384 ms - -\u001b[0m","service":"stocksense-backend","timestamp":"2026-09-26T08:41:04.403Z"}
{"level":"info","message":"\u001b[0mGET /api/receipts?page=1&limit=20&status= \u001b[36m304\u001b[0m 28.170 ms - -\u001b[0m","service":"stocksense-backend","timestamp":"2026-09-26T08:41:04.418Z"}
{"level":"info","message":"\u001b[0mGET /api/products \u001b[36m304\u001b[0m 33.445 ms - -\u001b[0m","service":"stocksense-backend","timestamp":"2026-09-26T08:41:04.433Z"}
{"level":"info","message":"\u001b[0mGET /api/customers \u001b[36m304\u001b[0m 4.245 ms - -\u001b[0m","service":"stocksense-backend","timestamp":"2026-09-26T08:41:05.446Z"}
{"level":"info","message":"\u001b[0mGET /api/warehouses \u001b[36m304\u001b[0m 17.122 ms - -\u001b[0m","service":"stocksense-backend","timestamp":"2026-09-26T08:41:05.455Z"}
{"level":"info","message":"\u001b[0mGET /api/locations \u001b[36m304\u001b[0m 17.793 ms - -\u001b[0m","service":"stocksense-backend","timestamp":"2026-09-26T08:41:05.458Z"}
{"level":"info","message":"\u001b[0mGET /api/customers \u001b[36m304\u001b[0m 7.710 ms - -\u001b[0m","service":"stocksense-backend","timestamp":"2026-09-26T08:41:05.459Z"}
{"level":"info","message":"\u001b[0mGET /api/deliveries?page=1&limit=20&status= \u001b[36m304\u001b[0m 38.759 ms - -\u001b[0m","service":"stocksense-backend","timestamp":"2026-09-26T08:41:05.463Z"}
{"level":"info","message":"\u001b[0mGET /api/products \u001b[36m304\u001b[0m 25.748 ms - -\u001b[0m","service":"stocksense-backend","timestamp":"2026-09-26T08:41:05.468Z"}
{"level":"info","message":"\u001b[0mGET /api/warehouses \u001b[36m304\u001b[0m 13.894 ms - -\u001b[0m","service":"stocksense-backend","timestamp":"2026-09-26T08:41:05.478Z"}
{"level":"info","message":"\u001b[0mGET /api/locations \u001b[36m304\u001b[0m 13.372 ms - -\u001b[0m","service":"stocksense-backend","timestamp":"2026-09-26T08:41:05.479Z"}
{"level":"info","message":"\u001b[0mGET /api/deliveries?page=1&limit=20&status= \u001b[36m304\u001b[0m 15.992 ms - -\u001b[0m","service":"stocksense-backend","timestamp":"2026-09-26T08:41:05.485Z"}
{"level":"info","message":"\u001b[0mGET /api/products \u001b[36m304\u001b[0m 17.129 ms - -\u001b[0m","service":"stocksense-backend","timestamp":"2026-09-26T08:41:05.488Z"}
{"level":"info","message":"\u001b[0mGET /api/warehouses \u001b[36m304\u001b[0m 11.647 ms - -\u001b[0m","service":"stocksense-backend","timestamp":"2026-09-26T08:41:06.500Z"}
{"level":"info","message":"\u001b[0mGET /api/locations \u001b[36m304\u001b[0m 10.723 ms - -\u001b[0m","service":"stocksense-backend","timestamp":"2026-09-26T08:41:06.501Z"}
{"level":"info","message":"\u001b[0mGET /api/transfers?page=1&limit=20&status= \u001b[36m304\u001b[0m 19.646 ms - -\u001b[0m","service":"stocksense-backend","timestamp":"2026-09-26T08:41:06.513Z"}
{"level":"info","message":"\u001b[0mGET /api/products \u001b[36m304\u001b[0m 23.141 ms - -\u001b[0m","service":"stocksense-backend","timestamp":"2026-09-26T08:41:06.515Z"}
{"level":"info","message":"\u001b[0mGET /api/locations \u001b[36m304\u001b[0m 14.312 ms - -\u001b[0m","service":"stocksense-backend","timestamp":"2026-09-26T08:41:06.525Z"}
{"level":"info","message":"\u001b[0mGET /api/warehouses \u001b[36m304\u001b[0m 17.085 ms - -\u001b[0m","service":"stocksense-backend","timestamp":"2026-09-26T08:41:06.525Z"}
{"level":"info","message":"\u001b[0mGET /api/transfers?page=1&limit=20&status= \u001b[36m304\u001b[0m 12.728 ms - -\u001b[0m","service":"stocksense-backend","timestamp":"2026-09-26T08:41:06.530Z"}
{"level":"info","message":"\u001b[0mGET /api/products \u001b[36m304\u001b[0m 13.131 ms - -\u001b[0m","service":"stocksense-backend","timestamp":"2026-09-26T08:41:06.532Z"}
{"level":"info","message":"\u001b[0mGET /api/stock?page=1&limit=50&movementType= \u001b[36m304\u001b[0m 20.222 ms - -\u001b[0m","service":"stocksense-backend","timestamp":"2026-09-26T08:41:07.305Z"}
{"level":"info","message":"\u001b[0mGET /api/stock?page=1&limit=50&movementType= \u001b[36m304\u001b[0m 7.413 ms - -\u001b[0m","service":"stocksense-backend","timestamp":"2026-09-26T08:41:07.313Z"}
{"level":"info","message":"\u001b[0mGET /api/warehouses \u001b[36m304\u001b[0m 7.461 ms - -\u001b[0m","service":"stocksense-backend","timestamp":"2026-09-26T08:41:10.129Z"}
{"level":"info","message":"\u001b[0mGET /api/warehouses \u001b[36m304\u001b[0m 5.233 ms - -\u001b[0m","service":"stocksense-backend","timestamp":"2026-09-26T08:41:10.136Z"}
{"level":"info","message":"\u001b[0mGET /api/locations?warehouse=6ab76fa549b9aa0e0937cb2e \u001b[36m304\u001b[0m 4.645 ms - -\u001b[0m","service":"stocksense-backend","timestamp":"2026-09-26T08:41:10.139Z"}
{"level":"info","message":"\u001b[0mGET /api/locations?warehouse=6ab76fa549b9aa0e0937cb2e \u001b[36m304\u001b[0m 4.137 ms - -\u001b[0m","service":"stocksense-backend","timestamp":"2026-09-26T08:41:10.145Z"}
{"level":"info","message":"\u001b[0mPOST /api/auth/login \u001b[32m200\u001b[0m 719.070 ms - 459\u001b[0m","service":"stocksense-backend","timestamp":"2026-09-26T08:41:37.103Z"}
{"level":"info","message":"\u001b[0mGET /api/dashboard \u001b[36m304\u001b[0m 21.060 ms - -\u001b[0m","service":"stocksense-backend","timestamp":"2026-09-26T08:41:37.199Z"}
{"level":"info","message":"\u001b[0mGET /api/dashboard \u001b[36m304\u001b[0m 17.626 ms - -\u001b[0m","service":"stocksense-backend","timestamp":"2026-09-26T08:41:37.218Z"}
{"level":"info","message":"\u001b[0mGET /api/categories \u001b[36m304\u001b[0m 10.276 ms - -\u001b[0m","service":"stocksense-backend","timestamp":"2026-09-26T08:41:40.773Z"}
{"level":"info","message":"\u001b[0mGET /api/categories \u001b[36m304\u001b[0m 4.390 ms - -\u001b[0m","service":"stocksense-backend","timestamp":"2026-09-26T08:41:40.779Z"}
{"level":"info","message":"\u001b[0mGET /api/products?page=1&limit=20&search=&category= \u001b[36m304\u001b[0m 13.503 ms - -\u001b[0m","service":"stocksense-backend","timestamp":"2026-09-26T08:41:40.781Z"}
{"level":"info","message":"\u001b[0mGET /api/products?page=1&limit=20&search=&category= \u001b[36m304\u001b[0m 7.130 ms - -\u001b[0m","service":"stocksense-backend","timestamp":"2026-09-26T08:41:40.789Z"}
{"level":"info","message":"\u001b[0mGET /api/dashboard \u001b[36m304\u001b[0m 20.413 ms - -\u001b[0m","service":"stocksense-backend","timestamp":"2026-09-26T08:41:42.684Z"}
{"level":"info","message":"\u001b[0mGET /api/dashboard \u001b[36m304\u001b[0m 20.375 ms - -\u001b[0m","service":"stocksense-backend","timestamp":"2026-09-26T08:41:42.706Z"}
{"level":"info","message":"\u001b[0mGET /api/categories \u001b[36m304\u001b[0m 16.630 ms - -\u001b[0m","service":"stocksense-backend","timestamp":"2026-09-26T08:41:55.290Z"}
{"level":"info","message":"\u001b[0mGET /api/products?page=1&limit=20&search=&category= \u001b[36m304\u001b[0m 17.458 ms - -\u001b[0m","service":"stocksense-backend","timestamp":"2026-09-26T08:41:55.296Z"}
{"level":"info","message":"\u001b[0mGET /api/categories \u001b[36m304\u001b[0m 5.098 ms - -\u001b[0m","service":"stocksense-backend","timestamp":"2026-09-26T08:41:55.298Z"}
{"level":"info","message":"\u001b[0mGET /api/products?page=1&limit=20&search=&category= \u001b[36m304\u001b[0m 7.201 ms - -\u001b[0m","service":"stocksense-backend","timestamp":"2026-09-26T08:41:55.306Z"}
{"level":"info","message":"\u001b[0mGET /api/dashboard \u001b[36m304\u001b[0m 22.040 ms - -\u001b[0m","service":"stocksense-backend","timestamp":"2026-09-26T08:41:58.134Z"}
{"level":"info","message":"\u001b[0mGET /api/dashboard \u001b[36m304\u001b[0m 24.573 ms - -\u001b[0m","service":"stocksense-backend","timestamp":"2026-09-26T08:41:58.160Z"}
{"level":"info","message":"\u001b[0mGET /api/categories \u001b[36m304\u001b[0m 7.883 ms - -\u001b[0m","service":"stocksense-backend","timestamp":"2026-09-26T08:43:34.910Z"}
{"level":"info","message":"\u001b[0mGET /api/products?page=1&limit=20&search=&category= \u001b[36m304\u001b[0m 11.243 ms - -\u001b[0m","service":"stocksense-backend","timestamp":"2026-09-26T08:43:34.916Z"}
{"level":"info","message":"\u001b[0mGET /api/categories \u001b[36m304\u001b[0m 5.926 ms - -\u001b[0m","service":"stocksense-backend","timestamp":"2026-09-26T08:43:34.917Z"}
{"level":"info","message":"\u001b[0mGET /api/products?page=1&limit=20&search=&category= \u001b[36m304\u001b[0m 6.750 ms - -\u001b[0m","service":"stocksense-backend","timestamp":"2026-09-26T08:43:34.925Z"}
{"level":"info","message":"\u001b[0mGET /api/dashboard \u001b[36m304\u001b[0m 26.639 ms - -\u001b[0m","service":"stocksense-backend","timestamp":"2026-09-26T08:43:36.959Z"}
{"level":"info","message":"\u001b[0mGET /api/dashboard \u001b[36m304\u001b[0m 22.070 ms - -\u001b[0m","service":"stocksense-backend","timestamp":"2026-09-26T08:43:36.982Z"}
{"level":"info","message":"\u001b[0mGET /api/categories \u001b[36m304\u001b[0m 22.127 ms - -\u001b[0m","service":"stocksense-backend","timestamp":"2026-09-26T08:43:39.074Z"}
{"level":"info","message":"\u001b[0mGET /api/products?page=1&limit=20&search=&category= \u001b[36m304\u001b[0m 22.184 ms - -\u001b[0m","service":"stocksense-backend","timestamp":"2026-09-26T08:43:39.079Z"}
{"level":"info","message":"\u001b[0mGET /api/categories \u001b[36m304\u001b[0m 4.342 ms - -\u001b[0m","service":"stocksense-backend","timestamp":"2026-09-26T08:43:39.080Z"}
{"level":"info","message":"\u001b[0mGET /api/products?page=1&limit=20&search=&category= \u001b[36m304\u001b[0m 9.244 ms - -\u001b[0m","service":"stocksense-backend","timestamp":"2026-09-26T08:43:39.091Z"}
{"level":"info","message":"\u001b[0mGET /api/dashboard \u001b[36m304\u001b[0m 28.370 ms - -\u001b[0m","service":"stocksense-backend","timestamp":"2026-09-26T08:43:40.799Z"}
{"level":"info","message":"\u001b[0mGET /api/dashboard \u001b[36m304\u001b[0m 23.831 ms - -\u001b[0m","service":"stocksense-backend","timestamp":"2026-09-26T08:43:40.824Z"}
{"level":"info","message":"\u001b[0mGET /api/categories \u001b[36m304\u001b[0m 8.638 ms - -\u001b[0m","service":"stocksense-backend","timestamp":"2026-09-26T08:43:56.462Z"}
{"level":"info","message":"\u001b[0mGET /api/products?page=1&limit=20&search=&category= \u001b[36m304\u001b[0m 13.620 ms - -\u001b[0m","service":"stocksense-backend","timestamp":"2026-09-26T08:43:56.470Z"}
{"level":"info","message":"\u001b[0mGET /api/categories \u001b[36m304\u001b[0m 5.468 ms - -\u001b[0m","service":"stocksense-backend","timestamp":"2026-09-26T08:43:56.473Z"}
{"level":"info","message":"\u001b[0mGET /api/products?page=1&limit=20&search=&category= \u001b[36m304\u001b[0m 8.704 ms - -\u001b[0m","service":"stocksense-backend","timestamp":"2026-09-26T08:43:56.483Z"}
{"level":"info","message":"\u001b[0mGET /api/dashboard \u001b[36m304\u001b[0m 25.854 ms - -\u001b[0m","service":"stocksense-backend","timestamp":"2026-09-26T08:44:20.772Z"}
{"level":"info","message":"\u001b[0mGET /api/dashboard \u001b[36m304\u001b[0m 25.205 ms - -\u001b[0m","service":"stocksense-backend","timestamp":"2026-09-26T08:44:20.798Z"}
{"level":"info","message":"\u001b[0mGET /api/stock?page=1&limit=50&movementType= \u001b[36m304\u001b[0m 13.527 ms - -\u001b[0m","service":"stocksense-backend","timestamp":"2026-09-26T08:44:23.312Z"}
{"level":"info","message":"\u001b[0mGET /api/stock?page=1&limit=50&movementType= \u001b[36m304\u001b[0m 8.012 ms - -\u001b[0m","service":"stocksense-backend","timestamp":"2026-09-26T08:44:23.322Z"}
{"level":"info","message":"\u001b[0mGET /api/warehouses \u001b[36m304\u001b[0m 8.867 ms - -\u001b[0m","service":"stocksense-backend","timestamp":"2026-09-26T08:44:26.056Z"}
{"level":"info","message":"\u001b[0mGET /api/locations \u001b[36m304\u001b[0m 8.402 ms - -\u001b[0m","service":"stocksense-backend","timestamp":"2026-09-26T08:44:26.057Z"}
{"level":"info","message":"\u001b[0mGET /api/transfers?page=1&limit=20&status= \u001b[36m304\u001b[0m 22.669 ms - -\u001b[0m","service":"stocksense-backend","timestamp":"2026-09-26T08:44:26.068Z"}
{"level":"info","message":"\u001b[0mGET /api/products \u001b[36m304\u001b[0m 18.892 ms - -\u001b[0m","service":"stocksense-backend","timestamp":"2026-09-26T08:44:26.069Z"}
{"level":"info","message":"\u001b[0mGET /api/warehouses \u001b[36m304\u001b[0m 13.722 ms - -\u001b[0m","service":"stocksense-backend","timestamp":"2026-09-26T08:44:26.076Z"}
{"level":"info","message":"\u001b[0mGET /api/locations \u001b[36m304\u001b[0m 12.403 ms - -\u001b[0m","service":"stocksense-backend","timestamp":"2026-09-26T08:44:26.077Z"}
{"level":"info","message":"\u001b[0mGET /api/transfers?page=1&limit=20&status= \u001b[36m304\u001b[0m 14.091 ms - -\u001b[0m","service":"stocksense-backend","timestamp":"2026-09-26T08:44:26.084Z"}
{"level":"info","message":"\u001b[0mGET /api/products \u001b[36m304\u001b[0m 14.054 ms - -\u001b[0m","service":"stocksense-backend","timestamp":"2026-09-26T08:44:26.085Z"}
{"level":"info","message":"\u001b[0mGET /api/customers \u001b[36m304\u001b[0m 3.432 ms - -\u001b[0m","service":"stocksense-backend","timestamp":"2026-09-26T08:44:27.064Z"}
{"level":"info","message":"\u001b[0mGET /api/warehouses \u001b[36m304\u001b[0m 16.659 ms - -\u001b[0m","service":"stocksense-backend","timestamp":"2026-09-26T08:44:27.071Z"}
{"level":"info","message":"\u001b[0mGET /api/locations \u001b[36m304\u001b[0m 15.593 ms - -\u001b[0m","service":"stocksense-backend","timestamp":"2026-09-26T08:44:27.072Z"}
{"level":"info","message":"\u001b[0mGET /api/customers \u001b[36m304\u001b[0m 6.968 ms - -\u001b[0m","service":"stocksense-backend","timestamp":"2026-09-26T08:44:27.077Z"}
{"level":"info","message":"\u001b[0mGET /api/deliveries?page=1&limit=20&status= \u001b[36m304\u001b[0m 25.513 ms - -\u001b[0m","service":"stocksense-backend","timestamp":"2026-09-26T08:44:27.084Z"}
{"level":"info","message":"\u001b[0mGET /api/products \u001b[36m304\u001b[0m 24.231 ms - -\u001b[0m","service":"stocksense-backend","timestamp":"2026-09-26T08:44:27.086Z"}
{"level":"info","message":"\u001b[0mGET /api/locations \u001b[36m304\u001b[0m 13.799 ms - -\u001b[0m","service":"stocksense-backend","timestamp":"2026-09-26T08:44:27.094Z"}
{"level":"info","message":"\u001b[0mGET /api/warehouses \u001b[36m304\u001b[0m 17.499 ms - -\u001b[0m","service":"stocksense-backend","timestamp":"2026-09-26T08:44:27.096Z"}
{"level":"info","message":"\u001b[0mGET /api/deliveries?page=1&limit=20&status= \u001b[36m304\u001b[0m 12.983 ms - -\u001b[0m","service":"stocksense-backend","timestamp":"2026-09-26T08:44:27.100Z"}
{"level":"info","message":"\u001b[0mGET /api/products \u001b[36m304\u001b[0m 12.371 ms - -\u001b[0m","service":"stocksense-backend","timestamp":"2026-09-26T08:44:27.101Z"}
{"level":"info","message":"\u001b[0mGET /api/dashboard \u001b[36m304\u001b[0m 30.246 ms - -\u001b[0m","service":"stocksense-backend","timestamp":"2026-09-26T08:44:34.615Z"}
{"level":"info","message":"\u001b[0mGET /api/dashboard \u001b[36m304\u001b[0m 22.801 ms - -\u001b[0m","service":"stocksense-backend","timestamp":"2026-09-26T08:44:34.640Z"}
{"level":"info","message":"\u001b[0mGET /api/categories \u001b[36m304\u001b[0m 6.841 ms - -\u001b[0m","service":"stocksense-backend","timestamp":"2026-09-26T08:44:35.809Z"}
{"level":"info","message":"\u001b[0mGET /api/products?page=1&limit=20&search=&category= \u001b[36m304\u001b[0m 9.549 ms - -\u001b[0m","service":"stocksense-backend","timestamp":"2026-09-26T08:44:35.815Z"}
{"level":"info","message":"\u001b[0mGET /api/categories \u001b[36m304\u001b[0m 5.254 ms - -\u001b[0m","service":"stocksense-backend","timestamp":"2026-09-26T08:44:35.816Z"}
{"level":"info","message":"\u001b[0mGET /api/products?page=1&limit=20&search=&category= \u001b[36m304\u001b[0m 7.210 ms - -\u001b[0m","service":"stocksense-backend","timestamp":"2026-09-26T08:44:35.824Z"}
{"level":"info","message":"\u001b[0mGET /api/dashboard \u001b[36m304\u001b[0m 19.817 ms - -\u001b[0m","service":"stocksense-backend","timestamp":"2026-09-26T08:44:47.099Z"}
{"level":"info","message":"\u001b[0mGET /api/dashboard \u001b[36m304\u001b[0m 21.432 ms - -\u001b[0m","service":"stocksense-backend","timestamp":"2026-09-26T08:44:47.122Z"}
{"level":"info","message":"\u001b[0mGET /api/dashboard \u001b[36m304\u001b[0m 19.344 ms - -\u001b[0m","service":"stocksense-backend","timestamp":"2026-09-26T08:46:56.999Z"}
{"level":"info","message":"\u001b[0mGET /api/dashboard \u001b[36m304\u001b[0m 12.372 ms - -\u001b[0m","service":"stocksense-backend","timestamp":"2026-09-26T08:46:57.014Z"}
{"level":"info","message":"\u001b[0mGET /api/dashboard \u001b[36m304\u001b[0m 24.074 ms - -\u001b[0m","service":"stocksense-backend","timestamp":"2026-09-26T08:47:33.849Z"}
{"level":"info","message":"\u001b[0mGET /api/dashboard \u001b[36m304\u001b[0m 26.378 ms - -\u001b[0m","service":"stocksense-backend","timestamp":"2026-09-26T08:47:33.877Z"}
{"level":"info","message":"\u001b[0mGET /api/dashboard \u001b[36m304\u001b[0m 17.336 ms - -\u001b[0m","service":"stocksense-backend","timestamp":"2026-09-26T08:47:35.430Z"}
{"level":"info","message":"\u001b[0mGET /api/dashboard \u001b[36m304\u001b[0m 17.769 ms - -\u001b[0m","service":"stocksense-backend","timestamp":"2026-09-26T08:47:35.449Z"}
{"level":"info","message":"\u001b[0mGET /api/dashboard \u001b[36m304\u001b[0m 18.395 ms - -\u001b[0m","service":"stocksense-backend","timestamp":"2026-09-26T08:47:35.980Z"}
{"level":"info","message":"\u001b[0mGET /api/dashboard \u001b[36m304\u001b[0m 17.672 ms - -\u001b[0m","service":"stocksense-backend","timestamp":"2026-09-26T08:47:36.000Z"}
{"level":"info","message":"\u001b[0mGET /api/dashboard \u001b[36m304\u001b[0m 48.270 ms - -\u001b[0m","service":"stocksense-backend","timestamp":"2026-09-26T08:48:02.005Z"}
{"level":"info","message":"\u001b[0mGET /api/dashboard \u001b[36m304\u001b[0m 30.325 ms - -\u001b[0m","service":"stocksense-backend","timestamp":"2026-09-26T08:48:02.037Z"}
{"level":"info","message":"\u001b[0mGET /api/dashboard \u001b[36m304\u001b[0m 21.070 ms - -\u001b[0m","service":"stocksense-backend","timestamp":"2026-09-26T08:48:04.840Z"}
{"level":"info","message":"\u001b[0mGET /api/dashboard \u001b[36m304\u001b[0m 15.077 ms - -\u001b[0m","service":"stocksense-backend","timestamp":"2026-09-26T08:48:04.856Z"}
{"level":"info","message":"\u001b[0mGET /api/dashboard \u001b[36m304\u001b[0m 16.519 ms - -\u001b[0m","service":"stocksense-backend","timestamp":"2026-09-26T08:48:05.799Z"}
{"level":"info","message":"\u001b[0mGET /api/dashboard \u001b[36m304\u001b[0m 14.841 ms - -\u001b[0m","service":"stocksense-backend","timestamp":"2026-09-26T08:48:05.815Z"}
{"level":"info","message":"\u001b[0mGET /api/categories \u001b[36m304\u001b[0m 5.388 ms - -\u001b[0m","service":"stocksense-backend","timestamp":"2026-09-26T08:48:07.944Z"}
{"level":"info","message":"\u001b[0mGET /api/products?page=1&limit=20&search=&category= \u001b[36m304\u001b[0m 8.346 ms - -\u001b[0m","service":"stocksense-backend","timestamp":"2026-09-26T08:48:07.949Z"}
{"level":"info","message":"\u001b[0mGET /api/categories \u001b[36m304\u001b[0m 5.379 ms - -\u001b[0m","service":"stocksense-backend","timestamp":"2026-09-26T08:48:07.951Z"}
{"level":"info","message":"\u001b[0mGET /api/products?page=1&limit=20&search=&category= \u001b[36m304\u001b[0m 7.204 ms - -\u001b[0m","service":"stocksense-backend","timestamp":"2026-09-26T08:48:07.959Z"}
{"level":"info","message":"\u001b[0mGET /api/dashboard \u001b[36m304\u001b[0m 22.936 ms - -\u001b[0m","service":"stocksense-backend","timestamp":"2026-09-26T08:48:10.950Z"}
{"level":"info","message":"\u001b[0mGET /api/dashboard \u001b[36m304\u001b[0m 21.613 ms - -\u001b[0m","service":"stocksense-backend","timestamp":"2026-09-26T08:48:10.974Z"}
{"level":"info","message":"\u001b[0mGET /api/categories \u001b[36m304\u001b[0m 12.318 ms - -\u001b[0m","service":"stocksense-backend","timestamp":"2026-09-26T08:48:23.599Z"}
{"level":"info","message":"\u001b[0mGET /api/products?page=1&limit=20&search=&category= \u001b[36m304\u001b[0m 14.545 ms - -\u001b[0m","service":"stocksense-backend","timestamp":"2026-09-26T08:48:23.605Z"}
{"level":"info","message":"\u001b[0mGET /api/categories \u001b[36m304\u001b[0m 5.031 ms - -\u001b[0m","service":"stocksense-backend","timestamp":"2026-09-26T08:48:23.606Z"}
{"level":"info","message":"\u001b[0mGET /api/products?page=1&limit=20&search=&category= \u001b[36m304\u001b[0m 7.915 ms - -\u001b[0m","service":"stocksense-backend","timestamp":"2026-09-26T08:48:23.615Z"}
{"level":"info","message":"\u001b[0mGET /api/suppliers \u001b[36m304\u001b[0m 3.750 ms - -\u001b[0m","service":"stocksense-backend","timestamp":"2026-09-26T08:48:29.282Z"}
{"level":"info","message":"\u001b[0mGET /api/warehouses \u001b[36m304\u001b[0m 14.122 ms - -\u001b[0m","service":"stocksense-backend","timestamp":"2026-09-26T08:48:29.289Z"}
{"level":"info","message":"\u001b[0mGET /api/locations \u001b[36m304\u001b[0m 13.364 ms - -\u001b[0m","service":"stocksense-backend","timestamp":"2026-09-26T08:48:29.290Z"}
{"level":"info","message":"\u001b[0mGET /api/suppliers \u001b[36m304\u001b[0m 5.853 ms - -\u001b[0m","service":"stocksense-backend","timestamp":"2026-09-26T08:48:29.291Z"}
{"level":"info","message":"\u001b[0mGET /api/receipts?page=1&limit=20&status= \u001b[36m304\u001b[0m 23.005 ms - -\u001b[0m","service":"stocksense-backend","timestamp":"2026-09-26T08:48:29.297Z"}
{"level":"info","message":"\u001b[0mGET /api/products \u001b[36m304\u001b[0m 23.735 ms - -\u001b[0m","service":"stocksense-backend","timestamp":"2026-09-26T08:48:29.302Z"}
{"level":"info","message":"\u001b[0mGET /api/warehouses \u001b[36m304\u001b[0m 12.466 ms - -\u001b[0m","service":"stocksense-backend","timestamp":"2026-09-26T08:48:29.311Z"}
{"level":"info","message":"\u001b[0mGET /api/locations \u001b[36m304\u001b[0m 12.143 ms - -\u001b[0m","service":"stocksense-backend","timestamp":"2026-09-26T08:48:29.313Z"}
{"level":"info","message":"\u001b[0mGET /api/receipts?page=1&limit=20&status= \u001b[36m304\u001b[0m 15.788 ms - -\u001b[0m","service":"stocksense-backend","timestamp":"2026-09-26T08:48:29.318Z"}
{"level":"info","message":"\u001b[0mGET /api/products \u001b[36m304\u001b[0m 14.228 ms - -\u001b[0m","service":"stocksense-backend","timestamp":"2026-09-26T08:48:29.319Z"}
{"level":"info","message":"\u001b[0mGET /api/categories \u001b[36m304\u001b[0m 7.620 ms - -\u001b[0m","service":"stocksense-backend","timestamp":"2026-09-26T08:48:30.814Z"}
{"level":"info","message":"\u001b[0mGET /api/categories \u001b[36m304\u001b[0m 4.992 ms - -\u001b[0m","service":"stocksense-backend","timestamp":"2026-09-26T08:48:30.824Z"}
{"level":"info","message":"\u001b[0mGET /api/products?page=1&limit=20&search=&category= \u001b[36m304\u001b[0m 15.302 ms - -\u001b[0m","service":"stocksense-backend","timestamp":"2026-09-26T08:48:30.825Z"}
{"level":"info","message":"\u001b[0mGET /api/products?page=1&limit=20&search=&category= \u001b[36m304\u001b[0m 7.528 ms - -\u001b[0m","service":"stocksense-backend","timestamp":"2026-09-26T08:48:30.834Z"}
{"level":"info","message":"\u001b[0mGET /api/suppliers \u001b[36m304\u001b[0m 5.299 ms - -\u001b[0m","service":"stocksense-backend","timestamp":"2026-09-26T08:48:32.379Z"}
{"level":"info","message":"\u001b[0mGET /api/warehouses \u001b[36m304\u001b[0m 16.500 ms - -\u001b[0m","service":"stocksense-backend","timestamp":"2026-09-26T08:48:32.386Z"}
{"level":"info","message":"\u001b[0mGET /api/locations \u001b[36m304\u001b[0m 16.580 ms - -\u001b[0m","service":"stocksense-backend","timestamp":"2026-09-26T08:48:32.388Z"}
{"level":"info","message":"\u001b[0mGET /api/suppliers \u001b[36m304\u001b[0m 7.859 ms - -\u001b[0m","service":"stocksense-backend","timestamp":"2026-09-26T08:48:32.390Z"}
{"level":"info","message":"\u001b[0mGET /api/receipts?page=1&limit=20&status= \u001b[36m304\u001b[0m 31.656 ms - -\u001b[0m","service":"stocksense-backend","timestamp":"2026-09-26T08:48:32.397Z"}
{"level":"info","message":"\u001b[0mGET /api/products \u001b[36m304\u001b[0m 28.929 ms - -\u001b[0m","service":"stocksense-backend","timestamp":"2026-09-26T08:48:32.403Z"}
{"level":"info","message":"\u001b[0mGET /api/locations \u001b[36m304\u001b[0m 10.418 ms - -\u001b[0m","service":"stocksense-backend","timestamp":"2026-09-26T08:48:32.410Z"}
{"level":"info","message":"\u001b[0mGET /api/warehouses \u001b[36m304\u001b[0m 14.460 ms - -\u001b[0m","service":"stocksense-backend","timestamp":"2026-09-26T08:48:32.413Z"}
{"level":"info","message":"\u001b[0mGET /api/receipts?page=1&limit=20&status= \u001b[36m304\u001b[0m 12.147 ms - -\u001b[0m","service":"stocksense-backend","timestamp":"2026-09-26T08:48:32.416Z"}
{"level":"info","message":"\u001b[0mGET /api/products \u001b[36m304\u001b[0m 13.138 ms - -\u001b[0m","service":"stocksense-backend","timestamp":"2026-09-26T08:48:32.419Z"}
{"level":"info","message":"\u001b[0mGET /api/receipts/6ab76fa549b9aa0e0937cb5d \u001b[36m304\u001b[0m 51.352 ms - -\u001b[0m","service":"stocksense-backend","timestamp":"2026-09-26T08:48:36.473Z"}
{"level":"info","message":"\u001b[0mGET /api/customers \u001b[36m304\u001b[0m 6.388 ms - -\u001b[0m","service":"stocksense-backend","timestamp":"2026-09-26T08:48:43.460Z"}
{"level":"info","message":"\u001b[0mGET /api/warehouses \u001b[36m304\u001b[0m 18.069 ms - -\u001b[0m","service":"stocksense-backend","timestamp":"2026-09-26T08:48:43.468Z"}
{"level":"info","message":"\u001b[0mGET /api/locations \u001b[36m304\u001b[0m 17.712 ms - -\u001b[0m","service":"stocksense-backend","timestamp":"2026-09-26T08:48:43.470Z"}
{"level":"info","message":"\u001b[0mGET /api/customers \u001b[36m304\u001b[0m 7.627 ms - -\u001b[0m","service":"stocksense-backend","timestamp":"2026-09-26T08:48:43.471Z"}
{"level":"info","message":"\u001b[0mGET /api/deliveries?page=1&limit=20&status= \u001b[36m304\u001b[0m 25.085 ms - -\u001b[0m","service":"stocksense-backend","timestamp":"2026-09-26T08:48:43.473Z"}
{"level":"info","message":"\u001b[0mGET /api/products \u001b[36m304\u001b[0m 26.672 ms - -\u001b[0m","service":"stocksense-backend","timestamp":"2026-09-26T08:48:43.481Z"}
{"level":"info","message":"\u001b[0mGET /api/warehouses \u001b[36m304\u001b[0m 15.276 ms - -\u001b[0m","service":"stocksense-backend","timestamp":"2026-09-26T08:48:43.491Z"}
{"level":"info","message":"\u001b[0mGET /api/locations \u001b[36m304\u001b[0m 15.147 ms - -\u001b[0m","service":"stocksense-backend","timestamp":"2026-09-26T08:48:43.492Z"}
{"level":"info","message":"\u001b[0mGET /api/deliveries?page=1&limit=20&status= \u001b[36m304\u001b[0m 18.153 ms - -\u001b[0m","service":"stocksense-backend","timestamp":"2026-09-26T08:48:43.497Z"}
{"level":"info","message":"\u001b[0mGET /api/products \u001b[36m304\u001b[0m 15.977 ms - -\u001b[0m","service":"stocksense-backend","timestamp":"2026-09-26T08:48:43.500Z"}
{"level":"info","message":"\u001b[0mGET /api/warehouses \u001b[36m304\u001b[0m 11.520 ms - -\u001b[0m","service":"stocksense-backend","timestamp":"2026-09-26T08:48:50.017Z"}
{"level":"info","message":"\u001b[0mGET /api/locations \u001b[36m304\u001b[0m 13.754 ms - -\u001b[0m","service":"stocksense-backend","timestamp":"2026-09-26T08:48:50.022Z"}
{"level":"info","message":"\u001b[0mGET /api/transfers?page=1&limit=20&status= \u001b[36m304\u001b[0m 31.471 ms - -\u001b[0m","service":"stocksense-backend","timestamp":"2026-09-26T08:48:50.030Z"}
{"level":"info","message":"\u001b[0mGET /api/products \u001b[36m304\u001b[0m 22.163 ms - -\u001b[0m","service":"stocksense-backend","timestamp":"2026-09-26T08:48:50.033Z"}
{"level":"info","message":"\u001b[0mGET /api/warehouses \u001b[36m304\u001b[0m 17.587 ms - -\u001b[0m","service":"stocksense-backend","timestamp":"2026-09-26T08:48:50.042Z"}
{"level":"info","message":"\u001b[0mGET /api/locations \u001b[36m304\u001b[0m 13.105 ms - -\u001b[0m","service":"stocksense-backend","timestamp":"2026-09-26T08:48:50.044Z"}
{"level":"info","message":"\u001b[0mGET /api/transfers?page=1&limit=20&status= \u001b[36m304\u001b[0m 16.575 ms - -\u001b[0m","service":"stocksense-backend","timestamp":"2026-09-26T08:48:50.050Z"}
{"level":"info","message":"\u001b[0mGET /api/products \u001b[36m304\u001b[0m 16.945 ms - -\u001b[0m","service":"stocksense-backend","timestamp":"2026-09-26T08:48:50.053Z"}
{"level":"info","message":"\u001b[0mGET /api/stock?page=1&limit=50&movementType= \u001b[36m304\u001b[0m 11.413 ms - -\u001b[0m","service":"stocksense-backend","timestamp":"2026-09-26T08:48:51.069Z"}
{"level":"info","message":"\u001b[0mGET /api/stock?page=1&limit=50&movementType= \u001b[36m304\u001b[0m 7.420 ms - -\u001b[0m","service":"stocksense-backend","timestamp":"2026-09-26T08:48:51.077Z"}
{"level":"info","message":"\u001b[0mGET /api/dashboard \u001b[36m304\u001b[0m 24.631 ms - -\u001b[0m","service":"stocksense-backend","timestamp":"2026-09-26T08:49:01.170Z"}
{"level":"info","message":"\u001b[0mGET /api/dashboard \u001b[36m304\u001b[0m 24.213 ms - -\u001b[0m","service":"stocksense-backend","timestamp":"2026-09-26T08:49:01.196Z"}
{"level":"info","message":"\u001b[0mGET /api/dashboard \u001b[36m304\u001b[0m 25.867 ms - -\u001b[0m","service":"stocksense-backend","timestamp":"2026-09-26T08:49:02.790Z"}
{"level":"info","message":"\u001b[0mGET /api/dashboard \u001b[36m304\u001b[0m 17.889 ms - -\u001b[0m","service":"stocksense-backend","timestamp":"2026-09-26T08:49:02.810Z"}
{"level":"info","message":"\u001b[0mGET /api/categories \u001b[36m304\u001b[0m 5.916 ms - -\u001b[0m","service":"stocksense-backend","timestamp":"2026-09-26T08:49:07.744Z"}
{"level":"info","message":"\u001b[0mGET /api/products?page=1&limit=20&search=&category= \u001b[36m304\u001b[0m 12.313 ms - -\u001b[0m","service":"stocksense-backend","timestamp":"2026-09-26T08:49:07.752Z"}
{"level":"info","message":"\u001b[0mGET /api/categories \u001b[36m304\u001b[0m 6.194 ms - -\u001b[0m","service":"stocksense-backend","timestamp":"2026-09-26T08:49:07.756Z"}
{"level":"info","message":"\u001b[0mGET /api/products?page=1&limit=20&search=&category= \u001b[36m304\u001b[0m 7.032 ms - -\u001b[0m","service":"stocksense-backend","timestamp":"2026-09-26T08:49:07.762Z"}
{"level":"info","message":"\u001b[0mGET /api/dashboard \u001b[36m304\u001b[0m 24.599 ms - -\u001b[0m","service":"stocksense-backend","timestamp":"2026-09-26T08:49:09.296Z"}
{"level":"info","message":"\u001b[0mGET /api/dashboard \u001b[36m304\u001b[0m 18.309 ms - -\u001b[0m","service":"stocksense-backend","timestamp":"2026-09-26T08:49:09.316Z"}
{"level":"info","message":"\u001b[0mPOST /api/auth/login \u001b[32m200\u001b[0m 680.101 ms - 461\u001b[0m","service":"stocksense-backend","timestamp":"2026-09-26T08:49:59.087Z"}
{"level":"info","message":"\u001b[0mGET /api/dashboard \u001b[36m304\u001b[0m 17.074 ms - -\u001b[0m","service":"stocksense-backend","timestamp":"2026-09-26T08:49:59.189Z"}
{"level":"info","message":"\u001b[0mGET /api/dashboard \u001b[36m304\u001b[0m 18.033 ms - -\u001b[0m","service":"stocksense-backend","timestamp":"2026-09-26T08:49:59.208Z"}
{"level":"info","message":"\u001b[0mGET /api/categories \u001b[36m304\u001b[0m 5.733 ms - -\u001b[0m","service":"stocksense-backend","timestamp":"2026-09-26T08:50:05.849Z"}
{"level":"info","message":"\u001b[0mGET /api/products?page=1&limit=20&search=&category= \u001b[36m304\u001b[0m 16.236 ms - -\u001b[0m","service":"stocksense-backend","timestamp":"2026-09-26T08:50:05.856Z"}
{"level":"info","message":"\u001b[0mGET /api/categories \u001b[36m304\u001b[0m 6.051 ms - -\u001b[0m","service":"stocksense-backend","timestamp":"2026-09-26T08:50:05.858Z"}
{"level":"info","message":"\u001b[0mGET /api/products?page=1&limit=20&search=&category= \u001b[36m304\u001b[0m 8.950 ms - -\u001b[0m","service":"stocksense-backend","timestamp":"2026-09-26T08:50:05.869Z"}
{"level":"info","message":"\u001b[0mGET /api/warehouses \u001b[36m304\u001b[0m 8.156 ms - -\u001b[0m","service":"stocksense-backend","timestamp":"2026-09-26T08:50:10.729Z"}
{"level":"info","message":"\u001b[0mGET /api/warehouses \u001b[36m304\u001b[0m 6.754 ms - -\u001b[0m","service":"stocksense-backend","timestamp":"2026-09-26T08:50:10.737Z"}
{"level":"info","message":"\u001b[0mGET /api/locations?warehouse=6ab76fa549b9aa0e0937cb2e \u001b[36m304\u001b[0m 7.038 ms - -\u001b[0m","service":"stocksense-backend","timestamp":"2026-09-26T08:50:10.743Z"}
{"level":"info","message":"\u001b[0mGET /api/locations?warehouse=6ab76fa549b9aa0e0937cb2e \u001b[36m304\u001b[0m 4.524 ms - -\u001b[0m","service":"stocksense-backend","timestamp":"2026-09-26T08:50:10.749Z"}
{"level":"info","message":"\u001b[0mGET /api/locations?warehouse=6ab76fa549b9aa0e0937cb2f \u001b[36m304\u001b[0m 14.978 ms - -\u001b[0m","service":"stocksense-backend","timestamp":"2026-09-26T08:50:13.414Z"}
{"level":"info","message":"\u001b[0mGET /api/locations?warehouse=6ab76fa549b9aa0e0937cb2e \u001b[36m304\u001b[0m 24.783 ms - -\u001b[0m","service":"stocksense-backend","timestamp":"2026-09-26T08:50:14.352Z"}
{"level":"info","message":"\u001b[0mGET /api/suppliers \u001b[36m304\u001b[0m 4.802 ms - -\u001b[0m","service":"stocksense-backend","timestamp":"2026-09-26T08:50:40.424Z"}
{"level":"info","message":"\u001b[0mGET /api/warehouses \u001b[36m304\u001b[0m 16.603 ms - -\u001b[0m","service":"stocksense-backend","timestamp":"2026-09-26T08:50:40.432Z"}
{"level":"info","message":"\u001b[0mGET /api/locations \u001b[36m304\u001b[0m 17.511 ms - -\u001b[0m","service":"stocksense-backend","timestamp":"2026-09-26T08:50:40.435Z"}
{"level":"info","message":"\u001b[0mGET /api/suppliers \u001b[36m304\u001b[0m 9.483 ms - -\u001b[0m","service":"stocksense-backend","timestamp":"2026-09-26T08:50:40.437Z"}
{"level":"info","message":"\u001b[0mGET /api/receipts?page=1&limit=20&status= \u001b[36m304\u001b[0m 26.084 ms - -\u001b[0m","service":"stocksense-backend","timestamp":"2026-09-26T08:50:40.440Z"}
{"level":"info","message":"\u001b[0mGET /api/products \u001b[36m304\u001b[0m 27.979 ms - -\u001b[0m","service":"stocksense-backend","timestamp":"2026-09-26T08:50:40.448Z"}
{"level":"info","message":"\u001b[0mGET /api/locations \u001b[36m304\u001b[0m 10.916 ms - -\u001b[0m","service":"stocksense-backend","timestamp":"2026-09-26T08:50:40.454Z"}
{"level":"info","message":"\u001b[0mGET /api/warehouses \u001b[36m304\u001b[0m 13.797 ms - -\u001b[0m","service":"stocksense-backend","timestamp":"2026-09-26T08:50:40.456Z"}
{"level":"info","message":"\u001b[0mGET /api/receipts?page=1&limit=20&status= \u001b[36m304\u001b[0m 16.954 ms - -\u001b[0m","service":"stocksense-backend","timestamp":"2026-09-26T08:50:40.462Z"}
{"level":"info","message":"\u001b[0mGET /api/products \u001b[36m304\u001b[0m 15.676 ms - -\u001b[0m","service":"stocksense-backend","timestamp":"2026-09-26T08:50:40.466Z"}
{"level":"info","message":"\u001b[0mGET /api/customers \u001b[36m304\u001b[0m 2.426 ms - -\u001b[0m","service":"stocksense-backend","timestamp":"2026-09-26T08:50:41.452Z"}
{"level":"info","message":"\u001b[0mGET /api/locations \u001b[36m304\u001b[0m 12.928 ms - -\u001b[0m","service":"stocksense-backend","timestamp":"2026-09-26T08:50:41.457Z"}
{"level":"info","message":"\u001b[0mGET /api/warehouses \u001b[36m304\u001b[0m 19.624 ms - -\u001b[0m","service":"stocksense-backend","timestamp":"2026-09-26T08:50:41.462Z"}
{"level":"info","message":"\u001b[0mGET /api/customers \u001b[36m304\u001b[0m 8.166 ms - -\u001b[0m","service":"stocksense-backend","timestamp":"2026-09-26T08:50:41.465Z"}
{"level":"info","message":"\u001b[0mGET /api/products \u001b[36m304\u001b[0m 20.587 ms - -\u001b[0m","service":"stocksense-backend","timestamp":"2026-09-26T08:50:41.469Z"}
{"level":"info","message":"\u001b[0mGET /api/deliveries?page=1&limit=20&status= \u001b[36m304\u001b[0m 27.458 ms - -\u001b[0m","service":"stocksense-backend","timestamp":"2026-09-26T08:50:41.473Z"}
{"level":"info","message":"\u001b[0mGET /api/locations \u001b[36m304\u001b[0m 20.196 ms - -\u001b[0m","service":"stocksense-backend","timestamp":"2026-09-26T08:50:41.486Z"}
{"level":"info","message":"\u001b[0mGET /api/warehouses \u001b[36m304\u001b[0m 17.674 ms - -\u001b[0m","service":"stocksense-backend","timestamp":"2026-09-26T08:50:41.487Z"}
{"level":"info","message":"\u001b[0mGET /api/products \u001b[36m304\u001b[0m 17.553 ms - -\u001b[0m","service":"stocksense-backend","timestamp":"2026-09-26T08:50:41.495Z"}
{"level":"info","message":"\u001b[0mGET /api/deliveries?page=1&limit=20&status= \u001b[36m304\u001b[0m 17.219 ms - -\u001b[0m","service":"stocksense-backend","timestamp":"2026-09-26T08:50:41.498Z"}
{"level":"info","message":"\u001b[0mGET /api/suppliers \u001b[36m304\u001b[0m 4.194 ms - -\u001b[0m","service":"stocksense-backend","timestamp":"2026-09-26T08:50:43.478Z"}
{"level":"info","message":"\u001b[0mGET /api/warehouses \u001b[36m304\u001b[0m 21.447 ms - -\u001b[0m","service":"stocksense-backend","timestamp":"2026-09-26T08:50:43.488Z"}
{"level":"info","message":"\u001b[0mGET /api/receipts?page=1&limit=20&status= \u001b[36m304\u001b[0m 28.706 ms - -\u001b[0m","service":"stocksense-backend","timestamp":"2026-09-26T08:50:43.491Z"}
{"level":"info","message":"\u001b[0mGET /api/locations \u001b[36m304\u001b[0m 20.148 ms - -\u001b[0m","service":"stocksense-backend","timestamp":"2026-09-26T08:50:43.492Z"}
{"level":"info","message":"\u001b[0mGET /api/suppliers \u001b[36m304\u001b[0m 5.654 ms - -\u001b[0m","service":"stocksense-backend","timestamp":"2026-09-26T08:50:43.492Z"}
{"level":"info","message":"\u001b[0mGET /api/products \u001b[36m304\u001b[0m 23.619 ms - -\u001b[0m","service":"stocksense-backend","timestamp":"2026-09-26T08:50:43.498Z"}
{"level":"info","message":"\u001b[0mGET /api/warehouses \u001b[36m304\u001b[0m 19.910 ms - -\u001b[0m","service":"stocksense-backend","timestamp":"2026-09-26T08:50:43.514Z"}
{"level":"info","message":"\u001b[0mGET /api/locations \u001b[36m304\u001b[0m 18.428 ms - -\u001b[0m","service":"stocksense-backend","timestamp":"2026-09-26T08:50:43.515Z"}
{"level":"info","message":"\u001b[0mGET /api/receipts?page=1&limit=20&status= \u001b[36m304\u001b[0m 26.676 ms - -\u001b[0m","service":"stocksense-backend","timestamp":"2026-09-26T08:50:43.522Z"}
{"level":"info","message":"\u001b[0mGET /api/products \u001b[36m304\u001b[0m 26.274 ms - -\u001b[0m","service":"stocksense-backend","timestamp":"2026-09-26T08:50:43.529Z"}
{"level":"info","message":"\u001b[0mGET /api/receipts/6ab76fa549b9aa0e0937cb5d \u001b[36m304\u001b[0m 14.343 ms - -\u001b[0m","service":"stocksense-backend","timestamp":"2026-09-26T08:50:44.642Z"}
{"level":"info","message":"\u001b[0mGET /api/stock?page=1&limit=50&movementType= \u001b[36m304\u001b[0m 23.968 ms - -\u001b[0m","service":"stocksense-backend","timestamp":"2026-09-26T08:50:47.848Z"}
{"level":"info","message":"\u001b[0mGET /api/stock?page=1&limit=50&movementType= \u001b[36m304\u001b[0m 13.584 ms - -\u001b[0m","service":"stocksense-backend","timestamp":"2026-09-26T08:50:47.866Z"}
{"level":"info","message":"\u001b[0mGET /api/stock?page=1&limit=50&movementType=RECEIPT \u001b[32m200\u001b[0m 73.816 ms - 2078\u001b[0m","service":"stocksense-backend","timestamp":"2026-09-26T08:50:51.801Z"}
{"level":"info","message":"\u001b[0mGET /api/stock?page=1&limit=50&movementType=DELIVERY \u001b[32m200\u001b[0m 40.802 ms - 1420\u001b[0m","service":"stocksense-backend","timestamp":"2026-09-26T08:50:52.608Z"}
{"level":"info","message":"\u001b[0mGET /api/stock?page=1&limit=50&movementType= \u001b[36m304\u001b[0m 20.749 ms - -\u001b[0m","service":"stocksense-backend","timestamp":"2026-09-26T08:50:54.362Z"}
{"level":"info","message":"\u001b[0mGET /api/dashboard \u001b[36m304\u001b[0m 21.310 ms - -\u001b[0m","service":"stocksense-backend","timestamp":"2026-09-26T08:51:10.851Z"}
{"level":"info","message":"\u001b[0mGET /api/dashboard \u001b[36m304\u001b[0m 21.795 ms - -\u001b[0m","service":"stocksense-backend","timestamp":"2026-09-26T08:51:10.874Z"}
{"level":"info","message":"\u001b[0mGET /api/warehouses \u001b[36m304\u001b[0m 14.800 ms - -\u001b[0m","service":"stocksense-backend","timestamp":"2026-09-26T08:51:42.028Z"}
{"level":"info","message":"\u001b[0mGET /api/warehouses \u001b[36m304\u001b[0m 9.594 ms - -\u001b[0m","service":"stocksense-backend","timestamp":"2026-09-26T08:51:42.039Z"}
{"level":"info","message":"\u001b[0mGET /api/locations?warehouse=6ab76fa549b9aa0e0937cb2e \u001b[36m304\u001b[0m 6.175 ms - -\u001b[0m","service":"stocksense-backend","timestamp":"2026-09-26T08:51:42.044Z"}
{"level":"info","message":"\u001b[0mGET /api/locations?warehouse=6ab76fa549b9aa0e0937cb2e \u001b[36m304\u001b[0m 3.733 ms - -\u001b[0m","service":"stocksense-backend","timestamp":"2026-09-26T08:51:42.049Z"}
{"level":"info","message":"\u001b[0mPOST /api/auth/login \u001b[32m200\u001b[0m 717.894 ms - 459\u001b[0m","service":"stocksense-backend","timestamp":"2026-09-26T08:52:03.903Z"}
{"level":"info","message":"\u001b[0mGET /api/dashboard \u001b[36m304\u001b[0m 16.963 ms - -\u001b[0m","service":"stocksense-backend","timestamp":"2026-09-26T08:52:03.988Z"}
{"level":"info","message":"\u001b[0mGET /api/dashboard \u001b[36m304\u001b[0m 15.947 ms - -\u001b[0m","service":"stocksense-backend","timestamp":"2026-09-26T08:52:04.005Z"}
{"level":"info","message":"\u001b[0mGET /api/categories \u001b[36m304\u001b[0m 4.155 ms - -\u001b[0m","service":"stocksense-backend","timestamp":"2026-09-26T08:53:19.895Z"}
{"level":"info","message":"\u001b[0mGET /api/products?page=1&limit=20&search=&category= \u001b[36m304\u001b[0m 12.057 ms - -\u001b[0m","service":"stocksense-backend","timestamp":"2026-09-26T08:53:19.901Z"}
{"level":"info","message":"\u001b[0mGET /api/categories \u001b[36m304\u001b[0m 5.253 ms - -\u001b[0m","service":"stocksense-backend","timestamp":"2026-09-26T08:53:19.901Z"}
{"level":"info","message":"\u001b[0mGET /api/products?page=1&limit=20&search=&category= \u001b[36m304\u001b[0m 6.465 ms - -\u001b[0m","service":"stocksense-backend","timestamp":"2026-09-26T08:53:19.909Z"}
{"level":"info","message":"\u001b[0mGET /api/suppliers \u001b[36m304\u001b[0m 3.928 ms - -\u001b[0m","service":"stocksense-backend","timestamp":"2026-09-26T08:53:22.522Z"}
{"level":"info","message":"\u001b[0mGET /api/warehouses \u001b[36m304\u001b[0m 15.943 ms - -\u001b[0m","service":"stocksense-backend","timestamp":"2026-09-26T08:53:22.530Z"}
{"level":"info","message":"\u001b[0mGET /api/locations \u001b[36m304\u001b[0m 19.004 ms - -\u001b[0m","service":"stocksense-backend","timestamp":"2026-09-26T08:53:22.535Z"}
{"level":"info","message":"\u001b[0mGET /api/suppliers \u001b[36m304\u001b[0m 7.072 ms - -\u001b[0m","service":"stocksense-backend","timestamp":"2026-09-26T08:53:22.536Z"}
{"level":"info","message":"\u001b[0mGET /api/products \u001b[36m304\u001b[0m 25.669 ms - -\u001b[0m","service":"stocksense-backend","timestamp":"2026-09-26T08:53:22.537Z"}
{"level":"info","message":"\u001b[0mGET /api/receipts?page=1&limit=20&status= \u001b[36m304\u001b[0m 33.593 ms - -\u001b[0m","service":"stocksense-backend","timestamp":"2026-09-26T08:53:22.542Z"}
{"level":"info","message":"\u001b[0mGET /api/warehouses \u001b[36m304\u001b[0m 13.538 ms - -\u001b[0m","service":"stocksense-backend","timestamp":"2026-09-26T08:53:22.552Z"}
{"level":"info","message":"\u001b[0mGET /api/locations \u001b[36m304\u001b[0m 9.013 ms - -\u001b[0m","service":"stocksense-backend","timestamp":"2026-09-26T08:53:22.553Z"}
{"level":"info","message":"\u001b[0mGET /api/products \u001b[36m304\u001b[0m 12.915 ms - -\u001b[0m","service":"stocksense-backend","timestamp":"2026-09-26T08:53:22.558Z"}
{"level":"info","message":"\u001b[0mGET /api/receipts?page=1&limit=20&status= \u001b[36m304\u001b[0m 14.127 ms - -\u001b[0m","service":"stocksense-backend","timestamp":"2026-09-26T08:53:22.561Z"}
{"level":"info","message":"\u001b[0mGET /api/customers \u001b[36m304\u001b[0m 3.563 ms - -\u001b[0m","service":"stocksense-backend","timestamp":"2026-09-26T08:53:23.280Z"}
{"level":"info","message":"\u001b[0mGET /api/locations \u001b[36m304\u001b[0m 11.941 ms - -\u001b[0m","service":"stocksense-backend","timestamp":"2026-09-26T08:53:23.284Z"}
{"level":"info","message":"\u001b[0mGET /api/warehouses \u001b[36m304\u001b[0m 17.149 ms - -\u001b[0m","service":"stocksense-backend","timestamp":"2026-09-26T08:53:23.286Z"}
{"level":"info","message":"\u001b[0mGET /api/customers \u001b[36m304\u001b[0m 6.188 ms - -\u001b[0m","service":"stocksense-backend","timestamp":"2026-09-26T08:53:23.290Z"}
{"level":"info","message":"\u001b[0mGET /api/deliveries?page=1&limit=20&status= \u001b[36m304\u001b[0m 27.200 ms - -\u001b[0m","service":"stocksense-backend","timestamp":"2026-09-26T08:53:23.298Z"}
{"level":"info","message":"\u001b[0mGET /api/products \u001b[36m304\u001b[0m 24.929 ms - -\u001b[0m","service":"stocksense-backend","timestamp":"2026-09-26T08:53:23.299Z"}
{"level":"info","message":"\u001b[0mGET /api/warehouses \u001b[36m304\u001b[0m 11.529 ms - -\u001b[0m","service":"stocksense-backend","timestamp":"2026-09-26T08:53:23.306Z"}
{"level":"info","message":"\u001b[0mGET /api/locations \u001b[36m304\u001b[0m 15.738 ms - -\u001b[0m","service":"stocksense-backend","timestamp":"2026-09-26T08:53:23.307Z"}
{"level":"info","message":"\u001b[0mGET /api/products \u001b[36m304\u001b[0m 8.948 ms - -\u001b[0m","service":"stocksense-backend","timestamp":"2026-09-26T08:53:23.312Z"}
{"level":"info","message":"\u001b[0mGET /api/deliveries?page=1&limit=20&status= \u001b[36m304\u001b[0m 13.577 ms - -\u001b[0m","service":"stocksense-backend","timestamp":"2026-09-26T08:53:23.315Z"}
{"level":"info","message":"\u001b[0mGET /api/locations \u001b[36m304\u001b[0m 6.614 ms - -\u001b[0m","service":"stocksense-backend","timestamp":"2026-09-26T08:53:24.105Z"}
{"level":"info","message":"\u001b[0mGET /api/warehouses \u001b[36m304\u001b[0m 9.387 ms - -\u001b[0m","service":"stocksense-backend","timestamp":"2026-09-26T08:53:24.106Z"}
{"level":"info","message":"\u001b[0mGET /api/transfers?page=1&limit=20&status= \u001b[36m304\u001b[0m 25.273 ms - -\u001b[0m","service":"stocksense-backend","timestamp":"2026-09-26T08:53:24.116Z"}
{"level":"info","message":"\u001b[0mGET /api/products \u001b[36m304\u001b[0m 19.358 ms - -\u001b[0m","service":"stocksense-backend","timestamp":"2026-09-26T08:53:24.119Z"}
{"level":"info","message":"\u001b[0mGET /api/warehouses \u001b[36m304\u001b[0m 12.957 ms - -\u001b[0m","service":"stocksense-backend","timestamp":"2026-09-26T08:53:24.127Z"}
{"level":"info","message":"\u001b[0mGET /api/locations \u001b[36m304\u001b[0m 15.630 ms - -\u001b[0m","service":"stocksense-backend","timestamp":"2026-09-26T08:53:24.128Z"}
{"level":"info","message":"\u001b[0mGET /api/transfers?page=1&limit=20&status= \u001b[36m304\u001b[0m 12.178 ms - -\u001b[0m","service":"stocksense-backend","timestamp":"2026-09-26T08:53:24.133Z"}
{"level":"info","message":"\u001b[0mGET /api/products \u001b[36m304\u001b[0m 12.466 ms - -\u001b[0m","service":"stocksense-backend","timestamp":"2026-09-26T08:53:24.135Z"}
{"level":"info","message":"\u001b[0mGET /api/dashboard \u001b[36m304\u001b[0m 25.996 ms - -\u001b[0m","service":"stocksense-backend","timestamp":"2026-09-26T08:53:26.136Z"}
{"level":"info","message":"\u001b[0mGET /api/dashboard \u001b[36m304\u001b[0m 14.533 ms - -\u001b[0m","service":"stocksense-backend","timestamp":"2026-09-26T08:53:26.152Z"}
{"level":"info","message":"\u001b[0mGET /api/suppliers \u001b[36m304\u001b[0m 3.375 ms - -\u001b[0m","service":"stocksense-backend","timestamp":"2026-09-26T08:53:36.784Z"}
{"level":"info","message":"\u001b[0mGET /api/warehouses \u001b[36m304\u001b[0m 12.466 ms - -\u001b[0m","service":"stocksense-backend","timestamp":"2026-09-26T08:53:36.791Z"}
{"level":"info","message":"\u001b[0mGET /api/locations \u001b[36m304\u001b[0m 14.593 ms - -\u001b[0m","service":"stocksense-backend","timestamp":"2026-09-26T08:53:36.794Z"}
{"level":"info","message":"\u001b[0mGET /api/suppliers \u001b[36m304\u001b[0m 7.226 ms - -\u001b[0m","service":"stocksense-backend","timestamp":"2026-09-26T08:53:36.795Z"}
{"level":"info","message":"\u001b[0mGET /api/receipts?page=1&limit=20&status= \u001b[36m304\u001b[0m 24.343 ms - -\u001b[0m","service":"stocksense-backend","timestamp":"2026-09-26T08:53:36.799Z"}
{"level":"info","message":"\u001b[0mGET /api/products \u001b[36m304\u001b[0m 22.506 ms - -\u001b[0m","service":"stocksense-backend","timestamp":"2026-09-26T08:53:36.804Z"}
{"level":"info","message":"\u001b[0mGET /api/locations \u001b[36m304\u001b[0m 10.246 ms - -\u001b[0m","service":"stocksense-backend","timestamp":"2026-09-26T08:53:36.812Z"}
{"level":"info","message":"\u001b[0mGET /api/warehouses \u001b[36m304\u001b[0m 12.849 ms - -\u001b[0m","service":"stocksense-backend","timestamp":"2026-09-26T08:53:36.813Z"}
{"level":"info","message":"\u001b[0mGET /api/receipts?page=1&limit=20&status= \u001b[36m304\u001b[0m 13.472 ms - -\u001b[0m","service":"stocksense-backend","timestamp":"2026-09-26T08:53:36.819Z"}
{"level":"info","message":"\u001b[0mGET /api/products \u001b[36m304\u001b[0m 13.112 ms - -\u001b[0m","service":"stocksense-backend","timestamp":"2026-09-26T08:53:36.820Z"}
{"level":"info","message":"\u001b[0mGET /api/receipts?page=1&limit=20&status=draft \u001b[32m200\u001b[0m 25.874 ms - 853\u001b[0m","service":"stocksense-backend","timestamp":"2026-09-26T08:53:41.851Z"}
{"level":"info","message":"\u001b[0mGET /api/receipts?page=1&limit=20&status=waiting \u001b[32m200\u001b[0m 27.673 ms - 693\u001b[0m","service":"stocksense-backend","timestamp":"2026-09-26T08:53:42.932Z"}
{"level":"info","message":"\u001b[0mGET /api/receipts?page=1&limit=20&status=ready \u001b[32m200\u001b[0m 45.062 ms - 81\u001b[0m","service":"stocksense-backend","timestamp":"2026-09-26T08:53:43.865Z"}
{"level":"info","message":"\u001b[0mGET /api/receipts?page=1&limit=20&status=done \u001b[32m200\u001b[0m 29.286 ms - 4676\u001b[0m","service":"stocksense-backend","timestamp":"2026-09-26T08:53:44.578Z"}
{"level":"info","message":"\u001b[0mGET /api/receipts?page=1&limit=20&status=canceled \u001b[32m200\u001b[0m 16.998 ms - 81\u001b[0m","service":"stocksense-backend","timestamp":"2026-09-26T08:53:45.443Z"}
{"level":"info","message":"\u001b[0mGET /api/receipts?page=1&limit=20&status= \u001b[36m304\u001b[0m 26.660 ms - -\u001b[0m","service":"stocksense-backend","timestamp":"2026-09-26T08:53:46.808Z"}
{"level":"info","message":"\u001b[0mGET /api/customers \u001b[36m304\u001b[0m 5.867 ms - -\u001b[0m","service":"stocksense-backend","timestamp":"2026-09-26T08:53:50.885Z"}
{"level":"info","message":"\u001b[0mGET /api/warehouses \u001b[36m304\u001b[0m 12.673 ms - -\u001b[0m","service":"stocksense-backend","timestamp":"2026-09-26T08:53:50.887Z"}
{"level":"info","message":"\u001b[0mGET /api/locations \u001b[36m304\u001b[0m 12.597 ms - -\u001b[0m","service":"stocksense-backend","timestamp":"2026-09-26T08:53:50.888Z"}
{"level":"info","message":"\u001b[0mGET /api/deliveries?page=1&limit=20&status= \u001b[36m304\u001b[0m 19.666 ms - -\u001b[0m","service":"stocksense-backend","timestamp":"2026-09-26T08:53:50.891Z"}
{"level":"info","message":"\u001b[0mGET /api/customers \u001b[36m304\u001b[0m 13.063 ms - -\u001b[0m","service":"stocksense-backend","timestamp":"2026-09-26T08:53:50.906Z"}
{"level":"info","message":"\u001b[0mGET /api/products \u001b[36m304\u001b[0m 30.678 ms - -\u001b[0m","service":"stocksense-backend","timestamp":"2026-09-26T08:53:50.913Z"}
{"level":"info","message":"\u001b[0mGET /api/locations \u001b[36m304\u001b[0m 15.647 ms - -\u001b[0m","service":"stocksense-backend","timestamp":"2026-09-26T08:53:50.915Z"}
{"level":"info","message":"\u001b[0mGET /api/warehouses \u001b[36m304\u001b[0m 21.929 ms - -\u001b[0m","service":"stocksense-backend","timestamp":"2026-09-26T08:53:50.915Z"}
{"level":"info","message":"\u001b[0mGET /api/deliveries?page=1&limit=20&status= \u001b[36m304\u001b[0m 17.875 ms - -\u001b[0m","service":"stocksense-backend","timestamp":"2026-09-26T08:53:50.921Z"}
{"level":"info","message":"\u001b[0mGET /api/products \u001b[36m304\u001b[0m 9.328 ms - -\u001b[0m","service":"stocksense-backend","timestamp":"2026-09-26T08:53:50.926Z"}
{"level":"info","message":"\u001b[0mGET /api/transfers?page=1&limit=20&status= \u001b[36m304\u001b[0m 21.865 ms - -\u001b[0m","service":"stocksense-backend","timestamp":"2026-09-26T08:53:57.025Z"}
{"level":"info","message":"\u001b[0mGET /api/warehouses \u001b[36m304\u001b[0m 21.240 ms - -\u001b[0m","service":"stocksense-backend","timestamp":"2026-09-26T08:53:57.031Z"}
{"level":"info","message":"\u001b[0mGET /api/locations \u001b[36m304\u001b[0m 29.802 ms - -\u001b[0m","service":"stocksense-backend","timestamp":"2026-09-26T08:53:57.044Z"}
{"level":"info","message":"\u001b[0mGET /api/products \u001b[36m304\u001b[0m 37.953 ms - -\u001b[0m","service":"stocksense-backend","timestamp":"2026-09-26T08:53:57.050Z"}
{"level":"info","message":"\u001b[0mGET /api/warehouses \u001b[36m304\u001b[0m 15.262 ms - -\u001b[0m","service":"stocksense-backend","timestamp":"2026-09-26T08:53:57.062Z"}
{"level":"info","message":"\u001b[0mGET /api/transfers?page=1&limit=20&status= \u001b[36m304\u001b[0m 28.428 ms - -\u001b[0m","service":"stocksense-backend","timestamp":"2026-09-26T08:53:57.064Z"}
{"level":"info","message":"\u001b[0mGET /api/locations \u001b[36m304\u001b[0m 13.695 ms - -\u001b[0m","service":"stocksense-backend","timestamp":"2026-09-26T08:53:57.065Z"}
{"level":"info","message":"\u001b[0mGET /api/products \u001b[36m304\u001b[0m 13.691 ms - -\u001b[0m","service":"stocksense-backend","timestamp":"2026-09-26T08:53:57.066Z"}
{"level":"info","message":"\u001b[0mGET /api/suppliers \u001b[36m304\u001b[0m 4.183 ms - -\u001b[0m","service":"stocksense-backend","timestamp":"2026-09-26T08:54:00.125Z"}
{"level":"info","message":"\u001b[0mGET /api/warehouses \u001b[36m304\u001b[0m 14.208 ms - -\u001b[0m","service":"stocksense-backend","timestamp":"2026-09-26T08:54:00.129Z"}
{"level":"info","message":"\u001b[0mGET /api/locations \u001b[36m304\u001b[0m 12.271 ms - -\u001b[0m","service":"stocksense-backend","timestamp":"2026-09-26T08:54:00.130Z"}
{"level":"info","message":"\u001b[0mGET /api/suppliers \u001b[36m304\u001b[0m 7.635 ms - -\u001b[0m","service":"stocksense-backend","timestamp":"2026-09-26T08:54:00.136Z"}
{"level":"info","message":"\u001b[0mGET /api/receipts?page=1&limit=20&status= \u001b[36m304\u001b[0m 31.851 ms - -\u001b[0m","service":"stocksense-backend","timestamp":"2026-09-26T08:54:00.145Z"}
{"level":"info","message":"\u001b[0mGET /api/products \u001b[36m304\u001b[0m 24.514 ms - -\u001b[0m","service":"stocksense-backend","timestamp":"2026-09-26T08:54:00.146Z"}
{"level":"info","message":"\u001b[0mGET /api/locations \u001b[36m304\u001b[0m 13.842 ms - -\u001b[0m","service":"stocksense-backend","timestamp":"2026-09-26T08:54:00.154Z"}
{"level":"info","message":"\u001b[0mGET /api/warehouses \u001b[36m304\u001b[0m 17.680 ms - -\u001b[0m","service":"stocksense-backend","timestamp":"2026-09-26T08:54:00.155Z"}
{"level":"info","message":"\u001b[0mGET /api/receipts?page=1&limit=20&status= \u001b[36m304\u001b[0m 12.341 ms - -\u001b[0m","service":"stocksense-backend","timestamp":"2026-09-26T08:54:00.161Z"}
{"level":"info","message":"\u001b[0mGET /api/products \u001b[36m304\u001b[0m 11.838 ms - -\u001b[0m","service":"stocksense-backend","timestamp":"2026-09-26T08:54:00.163Z"}
{"level":"info","message":"\u001b[0mGET /api/customers \u001b[36m304\u001b[0m 6.569 ms - -\u001b[0m","service":"stocksense-backend","timestamp":"2026-09-26T08:54:05.422Z"}
{"level":"info","message":"\u001b[0mGET /api/warehouses \u001b[36m304\u001b[0m 15.041 ms - -\u001b[0m","service":"stocksense-backend","timestamp":"2026-09-26T08:54:05.428Z"}
{"level":"info","message":"\u001b[0mGET /api/customers \u001b[36m304\u001b[0m 5.095 ms - -\u001b[0m","service":"stocksense-backend","timestamp":"2026-09-26T08:54:05.432Z"}
{"level":"info","message":"\u001b[0mGET /api/locations \u001b[36m304\u001b[0m 17.866 ms - -\u001b[0m","service":"stocksense-backend","timestamp":"2026-09-26T08:54:05.433Z"}
{"level":"info","message":"\u001b[0mGET /api/deliveries?page=1&limit=20&status= \u001b[36m304\u001b[0m 27.360 ms - -\u001b[0m","service":"stocksense-backend","timestamp":"2026-09-26T08:54:05.438Z"}
{"level":"info","message":"\u001b[0mGET /api/products \u001b[36m304\u001b[0m 24.199 ms - -\u001b[0m","service":"stocksense-backend","timestamp":"2026-09-26T08:54:05.442Z"}
{"level":"info","message":"\u001b[0mGET /api/locations \u001b[36m304\u001b[0m 8.479 ms - -\u001b[0m","service":"stocksense-backend","timestamp":"2026-09-26T08:54:05.448Z"}
{"level":"info","message":"\u001b[0mGET /api/warehouses \u001b[36m304\u001b[0m 14.239 ms - -\u001b[0m","service":"stocksense-backend","timestamp":"2026-09-26T08:54:05.449Z"}
{"level":"info","message":"\u001b[0mGET /api/deliveries?page=1&limit=20&status= \u001b[36m304\u001b[0m 11.956 ms - -\u001b[0m","service":"stocksense-backend","timestamp":"2026-09-26T08:54:05.454Z"}
{"level":"info","message":"\u001b[0mGET /api/products \u001b[36m304\u001b[0m 11.044 ms - -\u001b[0m","service":"stocksense-backend","timestamp":"2026-09-26T08:54:05.455Z"}
{"level":"info","message":"\u001b[0mGET /api/deliveries/6ab76fa549b9aa0e0937cb70 \u001b[32m200\u001b[0m 62.834 ms - 893\u001b[0m","service":"stocksense-backend","timestamp":"2026-09-26T08:54:17.562Z"}
{"level":"info","message":"\u001b[0mGET /api/suppliers \u001b[36m304\u001b[0m 3.275 ms - -\u001b[0m","service":"stocksense-backend","timestamp":"2026-09-26T08:54:45.274Z"}
{"level":"info","message":"\u001b[0mGET /api/warehouses \u001b[36m304\u001b[0m 12.377 ms - -\u001b[0m","service":"stocksense-backend","timestamp":"2026-09-26T08:54:45.278Z"}
{"level":"info","message":"\u001b[0mGET /api/locations \u001b[36m304\u001b[0m 13.067 ms - -\u001b[0m","service":"stocksense-backend","timestamp":"2026-09-26T08:54:45.282Z"}
{"level":"info","message":"\u001b[0mGET /api/suppliers \u001b[36m304\u001b[0m 6.587 ms - -\u001b[0m","service":"stocksense-backend","timestamp":"2026-09-26T08:54:45.284Z"}
{"level":"info","message":"\u001b[0mGET /api/receipts?page=1&limit=20&status= \u001b[36m304\u001b[0m 27.151 ms - -\u001b[0m","service":"stocksense-backend","timestamp":"2026-09-26T08:54:45.290Z"}
{"level":"info","message":"\u001b[0mGET /api/products \u001b[36m304\u001b[0m 22.020 ms - -\u001b[0m","service":"stocksense-backend","timestamp":"2026-09-26T08:54:45.293Z"}
{"level":"info","message":"\u001b[0mGET /api/warehouses \u001b[36m304\u001b[0m 16.597 ms - -\u001b[0m","service":"stocksense-backend","timestamp":"2026-09-26T08:54:45.302Z"}
{"level":"info","message":"\u001b[0mGET /api/locations \u001b[36m304\u001b[0m 12.063 ms - -\u001b[0m","service":"stocksense-backend","timestamp":"2026-09-26T08:54:45.303Z"}
{"level":"info","message":"\u001b[0mGET /api/receipts?page=1&limit=20&status= \u001b[36m304\u001b[0m 13.734 ms - -\u001b[0m","service":"stocksense-backend","timestamp":"2026-09-26T08:54:45.308Z"}
{"level":"info","message":"\u001b[0mGET /api/products \u001b[36m304\u001b[0m 12.644 ms - -\u001b[0m","service":"stocksense-backend","timestamp":"2026-09-26T08:54:45.309Z"}
{"level":"info","message":"\u001b[0mGET /api/warehouses \u001b[36m304\u001b[0m 10.720 ms - -\u001b[0m","service":"stocksense-backend","timestamp":"2026-09-26T08:54:46.361Z"}
{"level":"info","message":"\u001b[0mGET /api/locations \u001b[36m304\u001b[0m 9.888 ms - -\u001b[0m","service":"stocksense-backend","timestamp":"2026-09-26T08:54:46.362Z"}
{"level":"info","message":"\u001b[0mGET /api/transfers?page=1&limit=20&status= \u001b[36m304\u001b[0m 13.423 ms - -\u001b[0m","service":"stocksense-backend","timestamp":"2026-09-26T08:54:46.369Z"}
{"level":"info","message":"\u001b[0mGET /api/products \u001b[36m304\u001b[0m 16.328 ms - -\u001b[0m","service":"stocksense-backend","timestamp":"2026-09-26T08:54:46.370Z"}
{"level":"info","message":"\u001b[0mGET /api/locations \u001b[36m304\u001b[0m 7.961 ms - -\u001b[0m","service":"stocksense-backend","timestamp":"2026-09-26T08:54:46.374Z"}
{"level":"info","message":"\u001b[0mGET /api/warehouses \u001b[36m304\u001b[0m 10.824 ms - -\u001b[0m","service":"stocksense-backend","timestamp":"2026-09-26T08:54:46.375Z"}
{"level":"info","message":"\u001b[0mGET /api/transfers?page=1&limit=20&status= \u001b[36m304\u001b[0m 7.531 ms - -\u001b[0m","service":"stocksense-backend","timestamp":"2026-09-26T08:54:46.379Z"}
{"level":"info","message":"\u001b[0mGET /api/products \u001b[36m304\u001b[0m 7.985 ms - -\u001b[0m","service":"stocksense-backend","timestamp":"2026-09-26T08:54:46.380Z"}
{"level":"info","message":"\u001b[0mGET /api/stock?page=1&limit=50&movementType= \u001b[36m304\u001b[0m 14.979 ms - -\u001b[0m","service":"stocksense-backend","timestamp":"2026-09-26T08:54:47.414Z"}
{"level":"info","message":"\u001b[0mGET /api/stock?page=1&limit=50&movementType= \u001b[36m304\u001b[0m 6.421 ms - -\u001b[0m","service":"stocksense-backend","timestamp":"2026-09-26T08:54:47.421Z"}
{"level":"info","message":"\u001b[0mGET /api/categories \u001b[36m304\u001b[0m 5.594 ms - -\u001b[0m","service":"stocksense-backend","timestamp":"2026-09-26T08:54:50.861Z"}
{"level":"info","message":"\u001b[0mGET /api/products?page=1&limit=20&search=&category= \u001b[36m304\u001b[0m 7.980 ms - -\u001b[0m","service":"stocksense-backend","timestamp":"2026-09-26T08:54:50.866Z"}
{"level":"info","message":"\u001b[0mGET /api/categories \u001b[36m304\u001b[0m 7.099 ms - -\u001b[0m","service":"stocksense-backend","timestamp":"2026-09-26T08:54:50.870Z"}
{"level":"info","message":"\u001b[0mGET /api/products?page=1&limit=20&search=&category= \u001b[36m304\u001b[0m 6.762 ms - -\u001b[0m","service":"stocksense-backend","timestamp":"2026-09-26T08:54:50.878Z"}
{"level":"info","message":"\u001b[0mGET /api/dashboard \u001b[36m304\u001b[0m 20.562 ms - -\u001b[0m","service":"stocksense-backend","timestamp":"2026-09-26T08:54:52.478Z"}
{"level":"info","message":"\u001b[0mGET /api/dashboard \u001b[36m304\u001b[0m 22.976 ms - -\u001b[0m","service":"stocksense-backend","timestamp":"2026-09-26T08:54:52.502Z"}
{"level":"info","message":"\u001b[0mGET /api/categories \u001b[36m304\u001b[0m 7.687 ms - -\u001b[0m","service":"stocksense-backend","timestamp":"2026-09-26T08:54:55.721Z"}
{"level":"info","message":"\u001b[0mGET /api/products?page=1&limit=20&search=&category= \u001b[36m304\u001b[0m 9.155 ms - -\u001b[0m","service":"stocksense-backend","timestamp":"2026-09-26T08:54:55.726Z"}
{"level":"info","message":"\u001b[0mGET /api/categories \u001b[36m304\u001b[0m 3.769 ms - -\u001b[0m","service":"stocksense-backend","timestamp":"2026-09-26T08:54:55.726Z"}
{"level":"info","message":"\u001b[0mGET /api/products?page=1&limit=20&search=&category= \u001b[36m304\u001b[0m 6.769 ms - -\u001b[0m","service":"stocksense-backend","timestamp":"2026-09-26T08:54:55.734Z"}
{"level":"info","message":"\u001b[0mGET /api/products?page=1&limit=20&search=&category=6ab76fa549b9aa0e0937cb2c \u001b[32m200\u001b[0m 12.715 ms - 1203\u001b[0m","service":"stocksense-backend","timestamp":"2026-09-26T08:55:03.306Z"}
{"level":"info","message":"\u001b[0mGET /api/products?page=1&limit=20&search=&category=6ab76fa549b9aa0e0937cb2b \u001b[32m200\u001b[0m 15.195 ms - 1192\u001b[0m","service":"stocksense-backend","timestamp":"2026-09-26T08:55:05.171Z"}
{"level":"info","message":"\u001b[0mGET /api/products?page=1&limit=20&search=&category= \u001b[36m304\u001b[0m 20.414 ms - -\u001b[0m","service":"stocksense-backend","timestamp":"2026-09-26T08:55:07.072Z"}
{"level":"info","message":"\u001b[0mGET /api/customers \u001b[36m304\u001b[0m 5.716 ms - -\u001b[0m","service":"stocksense-backend","timestamp":"2026-09-26T08:55:09.636Z"}
{"level":"info","message":"\u001b[0mGET /api/warehouses \u001b[36m304\u001b[0m 14.579 ms - -\u001b[0m","service":"stocksense-backend","timestamp":"2026-09-26T08:55:09.642Z"}
{"level":"info","message":"\u001b[0mGET /api/locations \u001b[36m304\u001b[0m 17.621 ms - -\u001b[0m","service":"stocksense-backend","timestamp":"2026-09-26T08:55:09.646Z"}
{"level":"info","message":"\u001b[0mGET /api/customers \u001b[36m304\u001b[0m 6.330 ms - -\u001b[0m","service":"stocksense-backend","timestamp":"2026-09-26T08:55:09.647Z"}
{"level":"info","message":"\u001b[0mGET /api/deliveries?page=1&limit=20&status= \u001b[36m304\u001b[0m 28.792 ms - -\u001b[0m","service":"stocksense-backend","timestamp":"2026-09-26T08:55:09.654Z"}
{"level":"info","message":"\u001b[0mGET /api/products \u001b[36m304\u001b[0m 26.924 ms - -\u001b[0m","service":"stocksense-backend","timestamp":"2026-09-26T08:55:09.657Z"}
{"level":"info","message":"\u001b[0mGET /api/warehouses \u001b[36m304\u001b[0m 13.800 ms - -\u001b[0m","service":"stocksense-backend","timestamp":"2026-09-26T08:55:09.664Z"}
{"level":"info","message":"\u001b[0mGET /api/locations \u001b[36m304\u001b[0m 10.690 ms - -\u001b[0m","service":"stocksense-backend","timestamp":"2026-09-26T08:55:09.665Z"}
{"level":"info","message":"\u001b[0mGET /api/deliveries?page=1&limit=20&status= \u001b[36m304\u001b[0m 13.331 ms - -\u001b[0m","service":"stocksense-backend","timestamp":"2026-09-26T08:55:09.672Z"}
{"level":"info","message":"\u001b[0mGET /api/products \u001b[36m304\u001b[0m 13.325 ms - -\u001b[0m","service":"stocksense-backend","timestamp":"2026-09-26T08:55:09.673Z"}
{"level":"info","message":"\u001b[0mGET /api/suppliers \u001b[36m304\u001b[0m 13.652 ms - -\u001b[0m","service":"stocksense-backend","timestamp":"2026-09-26T08:55:10.553Z"}
{"level":"info","message":"\u001b[0mGET /api/locations \u001b[36m304\u001b[0m 25.670 ms - -\u001b[0m","service":"stocksense-backend","timestamp":"2026-09-26T08:55:10.559Z"}
{"level":"info","message":"\u001b[0mGET /api/warehouses \u001b[36m304\u001b[0m 30.038 ms - -\u001b[0m","service":"stocksense-backend","timestamp":"2026-09-26T08:55:10.561Z"}
{"level":"info","message":"\u001b[0mGET /api/suppliers \u001b[36m304\u001b[0m 14.701 ms - -\u001b[0m","service":"stocksense-backend","timestamp":"2026-09-26T08:55:10.577Z"}
{"level":"info","message":"\u001b[0mGET /api/products \u001b[36m304\u001b[0m 44.131 ms - -\u001b[0m","service":"stocksense-backend","timestamp":"2026-09-26T08:55:10.579Z"}
{"level":"info","message":"\u001b[0mGET /api/receipts?page=1&limit=20&status= \u001b[36m304\u001b[0m 44.064 ms - -\u001b[0m","service":"stocksense-backend","timestamp":"2026-09-26T08:55:10.581Z"}
{"level":"info","message":"\u001b[0mGET /api/locations \u001b[36m304\u001b[0m 26.322 ms - -\u001b[0m","service":"stocksense-backend","timestamp":"2026-09-26T08:55:10.596Z"}
{"level":"info","message":"\u001b[0mGET /api/warehouses \u001b[36m304\u001b[0m 21.959 ms - -\u001b[0m","service":"stocksense-backend","timestamp":"2026-09-26T08:55:10.598Z"}
{"level":"info","message":"\u001b[0mGET /api/products \u001b[36m304\u001b[0m 19.610 ms - -\u001b[0m","service":"stocksense-backend","timestamp":"2026-09-26T08:55:10.604Z"}
{"level":"info","message":"\u001b[0mGET /api/receipts?page=1&limit=20&status= \u001b[36m304\u001b[0m 17.387 ms - -\u001b[0m","service":"stocksense-backend","timestamp":"2026-09-26T08:55:10.607Z"}
{"level":"info","message":"\u001b[0mGET /api/warehouses \u001b[36m304\u001b[0m 9.674 ms - -\u001b[0m","service":"stocksense-backend","timestamp":"2026-09-26T08:55:11.494Z"}
{"level":"info","message":"\u001b[0mGET /api/locations \u001b[36m304\u001b[0m 11.042 ms - -\u001b[0m","service":"stocksense-backend","timestamp":"2026-09-26T08:55:11.496Z"}
{"level":"info","message":"\u001b[0mGET /api/transfers?page=1&limit=20&status= \u001b[36m304\u001b[0m 24.599 ms - -\u001b[0m","service":"stocksense-backend","timestamp":"2026-09-26T08:55:11.507Z"}
{"level":"info","message":"\u001b[0mGET /api/products \u001b[36m304\u001b[0m 23.942 ms - -\u001b[0m","service":"stocksense-backend","timestamp":"2026-09-26T08:55:11.511Z"}
{"level":"info","message":"\u001b[0mGET /api/locations \u001b[36m304\u001b[0m 14.297 ms - -\u001b[0m","service":"stocksense-backend","timestamp":"2026-09-26T08:55:11.518Z"}
{"level":"info","message":"\u001b[0mGET /api/warehouses \u001b[36m304\u001b[0m 18.286 ms - -\u001b[0m","service":"stocksense-backend","timestamp":"2026-09-26T08:55:11.519Z"}
{"level":"info","message":"\u001b[0mGET /api/products \u001b[36m304\u001b[0m 10.594 ms - -\u001b[0m","service":"stocksense-backend","timestamp":"2026-09-26T08:55:11.525Z"}
{"level":"info","message":"\u001b[0mGET /api/transfers?page=1&limit=20&status= \u001b[36m304\u001b[0m 14.291 ms - -\u001b[0m","service":"stocksense-backend","timestamp":"2026-09-26T08:55:11.527Z"}
{"level":"info","message":"\u001b[0mGET /api/stock?page=1&limit=50&movementType= \u001b[36m304\u001b[0m 15.226 ms - -\u001b[0m","service":"stocksense-backend","timestamp":"2026-09-26T08:55:12.653Z"}
{"level":"info","message":"\u001b[0mGET /api/stock?page=1&limit=50&movementType= \u001b[36m304\u001b[0m 6.755 ms - -\u001b[0m","service":"stocksense-backend","timestamp":"2026-09-26T08:55:12.661Z"}
{"level":"info","message":"\u001b[0mPOST /api/auth/login \u001b[32m200\u001b[0m 780.401 ms - 461\u001b[0m","service":"stocksense-backend","timestamp":"2026-09-26T08:55:30.238Z"}
{"level":"info","message":"\u001b[0mGET /api/dashboard \u001b[36m304\u001b[0m 18.530 ms - -\u001b[0m","service":"stocksense-backend","timestamp":"2026-09-26T08:55:30.369Z"}
{"level":"info","message":"\u001b[0mGET /api/dashboard \u001b[36m304\u001b[0m 14.985 ms - -\u001b[0m","service":"stocksense-backend","timestamp":"2026-09-26T08:55:30.385Z"}
{"level":"info","message":"\u001b[0mGET /api/categories \u001b[36m304\u001b[0m 6.059 ms - -\u001b[0m","service":"stocksense-backend","timestamp":"2026-09-26T08:55:58.687Z"}
{"level":"info","message":"\u001b[0mGET /api/categories \u001b[36m304\u001b[0m 3.465 ms - -\u001b[0m","service":"stocksense-backend","timestamp":"2026-09-26T08:55:58.692Z"}
{"level":"info","message":"\u001b[0mGET /api/products?page=1&limit=20&search=&category= \u001b[36m304\u001b[0m 9.800 ms - -\u001b[0m","service":"stocksense-backend","timestamp":"2026-09-26T08:55:58.693Z"}
{"level":"info","message":"\u001b[0mGET /api/products?page=1&limit=20&search=&category= \u001b[36m304\u001b[0m 6.877 ms - -\u001b[0m","service":"stocksense-backend","timestamp":"2026-09-26T08:55:58.702Z"}
{"level":"info","message":"\u001b[0mGET /api/dashboard \u001b[36m304\u001b[0m 20.093 ms - -\u001b[0m","service":"stocksense-backend","timestamp":"2026-09-26T08:56:11.378Z"}
{"level":"info","message":"\u001b[0mGET /api/dashboard \u001b[36m304\u001b[0m 17.262 ms - -\u001b[0m","service":"stocksense-backend","timestamp":"2026-09-26T08:56:11.397Z"}
{"level":"info","message":"\u001b[0mGET /api/categories \u001b[36m304\u001b[0m 4.492 ms - -\u001b[0m","service":"stocksense-backend","timestamp":"2026-09-26T09:00:32.627Z"}
{"level":"info","message":"\u001b[0mGET /api/products?page=1&limit=20&search=&category= \u001b[36m304\u001b[0m 6.898 ms - -\u001b[0m","service":"stocksense-backend","timestamp":"2026-09-26T09:00:32.631Z"}
{"level":"info","message":"\u001b[0mGET /api/categories \u001b[36m304\u001b[0m 3.467 ms - -\u001b[0m","service":"stocksense-backend","timestamp":"2026-09-26T09:00:32.632Z"}
{"level":"info","message":"\u001b[0mGET /api/products?page=1&limit=20&search=&category= \u001b[36m304\u001b[0m 6.862 ms - -\u001b[0m","service":"stocksense-backend","timestamp":"2026-09-26T09:00:32.640Z"}
{"level":"info","message":"\u001b[0mGET /api/suppliers \u001b[36m304\u001b[0m 3.356 ms - -\u001b[0m","service":"stocksense-backend","timestamp":"2026-09-26T09:01:43.816Z"}
{"level":"info","message":"\u001b[0mGET /api/locations \u001b[36m304\u001b[0m 9.923 ms - -\u001b[0m","service":"stocksense-backend","timestamp":"2026-09-26T09:01:43.820Z"}
{"level":"info","message":"\u001b[0mGET /api/warehouses \u001b[36m304\u001b[0m 15.597 ms - -\u001b[0m","service":"stocksense-backend","timestamp":"2026-09-26T09:01:43.823Z"}
{"level":"info","message":"\u001b[0mGET /api/suppliers \u001b[36m304\u001b[0m 6.417 ms - -\u001b[0m","service":"stocksense-backend","timestamp":"2026-09-26T09:01:43.825Z"}
{"level":"info","message":"\u001b[0mGET /api/receipts?page=1&limit=20&status= \u001b[36m304\u001b[0m 26.674 ms - -\u001b[0m","service":"stocksense-backend","timestamp":"2026-09-26T09:01:43.832Z"}
{"level":"info","message":"\u001b[0mGET /api/products \u001b[36m304\u001b[0m 21.203 ms - -\u001b[0m","service":"stocksense-backend","timestamp":"2026-09-26T09:01:43.835Z"}
{"level":"info","message":"\u001b[0mGET /api/locations \u001b[36m304\u001b[0m 15.838 ms - -\u001b[0m","service":"stocksense-backend","timestamp":"2026-09-26T09:01:43.843Z"}
{"level":"info","message":"\u001b[0mGET /api/warehouses \u001b[36m304\u001b[0m 11.725 ms - -\u001b[0m","service":"stocksense-backend","timestamp":"2026-09-26T09:01:43.844Z"}
{"level":"info","message":"\u001b[0mGET /api/receipts?page=1&limit=20&status= \u001b[36m304\u001b[0m 13.439 ms - -\u001b[0m","service":"stocksense-backend","timestamp":"2026-09-26T09:01:43.849Z"}
{"level":"info","message":"\u001b[0mGET /api/products \u001b[36m304\u001b[0m 12.836 ms - -\u001b[0m","service":"stocksense-backend","timestamp":"2026-09-26T09:01:43.850Z"}
{"level":"info","message":"\u001b[0mGET /api/customers \u001b[36m304\u001b[0m 2.852 ms - -\u001b[0m","service":"stocksense-backend","timestamp":"2026-09-26T09:01:46.719Z"}
{"level":"info","message":"\u001b[0mGET /api/warehouses \u001b[36m304\u001b[0m 16.352 ms - -\u001b[0m","service":"stocksense-backend","timestamp":"2026-09-26T09:01:46.727Z"}
{"level":"info","message":"\u001b[0mGET /api/deliveries?page=1&limit=20&status= \u001b[36m304\u001b[0m 22.718 ms - -\u001b[0m","service":"stocksense-backend","timestamp":"2026-09-26T09:01:46.729Z"}
{"level":"info","message":"\u001b[0mGET /api/locations \u001b[36m304\u001b[0m 16.323 ms - -\u001b[0m","service":"stocksense-backend","timestamp":"2026-09-26T09:01:46.729Z"}
{"level":"info","message":"\u001b[0mGET /api/customers \u001b[36m304\u001b[0m 4.784 ms - -\u001b[0m","service":"stocksense-backend","timestamp":"2026-09-26T09:01:46.731Z"}
{"level":"info","message":"\u001b[0mGET /api/products \u001b[36m304\u001b[0m 20.982 ms - -\u001b[0m","service":"stocksense-backend","timestamp":"2026-09-26T09:01:46.736Z"}
{"level":"info","message":"\u001b[0mGET /api/locations \u001b[36m304\u001b[0m 9.758 ms - -\u001b[0m","service":"stocksense-backend","timestamp":"2026-09-26T09:01:46.744Z"}
{"level":"info","message":"\u001b[0mGET /api/warehouses \u001b[36m304\u001b[0m 13.177 ms - -\u001b[0m","service":"stocksense-backend","timestamp":"2026-09-26T09:01:46.745Z"}
{"level":"info","message":"\u001b[0mGET /api/deliveries?page=1&limit=20&status= \u001b[36m304\u001b[0m 18.622 ms - -\u001b[0m","service":"stocksense-backend","timestamp":"2026-09-26T09:01:46.751Z"}
{"level":"info","message":"\u001b[0mGET /api/products \u001b[36m304\u001b[0m 16.264 ms - -\u001b[0m","service":"stocksense-backend","timestamp":"2026-09-26T09:01:46.755Z"}
{"level":"info","message":"\u001b[0mGET /api/warehouses \u001b[36m304\u001b[0m 12.938 ms - -\u001b[0m","service":"stocksense-backend","timestamp":"2026-09-26T09:01:47.598Z"}
{"level":"info","message":"\u001b[0mGET /api/locations \u001b[36m304\u001b[0m 11.558 ms - -\u001b[0m","service":"stocksense-backend","timestamp":"2026-09-26T09:01:47.600Z"}
{"level":"info","message":"\u001b[0mGET /api/transfers?page=1&limit=20&status= \u001b[36m304\u001b[0m 22.738 ms - -\u001b[0m","service":"stocksense-backend","timestamp":"2026-09-26T09:01:47.604Z"}
{"level":"info","message":"\u001b[0mGET /api/products \u001b[36m304\u001b[0m 18.780 ms - -\u001b[0m","service":"stocksense-backend","timestamp":"2026-09-26T09:01:47.609Z"}
{"level":"info","message":"\u001b[0mGET /api/warehouses \u001b[36m304\u001b[0m 12.280 ms - -\u001b[0m","service":"stocksense-backend","timestamp":"2026-09-26T09:01:47.618Z"}
{"level":"info","message":"\u001b[0mGET /api/locations \u001b[36m304\u001b[0m 11.995 ms - -\u001b[0m","service":"stocksense-backend","timestamp":"2026-09-26T09:01:47.619Z"}
{"level":"info","message":"\u001b[0mGET /api/transfers?page=1&limit=20&status= \u001b[36m304\u001b[0m 14.916 ms - -\u001b[0m","service":"stocksense-backend","timestamp":"2026-09-26T09:01:47.625Z"}
{"level":"info","message":"\u001b[0mGET /api/products \u001b[36m304\u001b[0m 14.035 ms - -\u001b[0m","service":"stocksense-backend","timestamp":"2026-09-26T09:01:47.626Z"}
{"level":"info","message":"\u001b[0mGET /api/stock?page=1&limit=50&movementType= \u001b[36m304\u001b[0m 18.550 ms - -\u001b[0m","service":"stocksense-backend","timestamp":"2026-09-26T09:01:48.476Z"}
{"level":"info","message":"\u001b[0mGET /api/stock?page=1&limit=50&movementType= \u001b[36m304\u001b[0m 14.791 ms - -\u001b[0m","service":"stocksense-backend","timestamp":"2026-09-26T09:01:48.493Z"}
{"level":"info","message":"\u001b[0mGET /api/stock?page=1&limit=50&movementType= \u001b[36m304\u001b[0m 10.477 ms - -\u001b[0m","service":"stocksense-backend","timestamp":"2026-09-26T09:02:07.807Z"}
{"level":"info","message":"\u001b[0mGET /api/stock?page=1&limit=50&movementType= \u001b[36m304\u001b[0m 13.395 ms - -\u001b[0m","service":"stocksense-backend","timestamp":"2026-09-26T09:02:07.829Z"}
{"level":"info","message":"\u001b[0mGET /api/stock?page=1&limit=50&movementType= \u001b[36m304\u001b[0m 10.275 ms - -\u001b[0m","service":"stocksense-backend","timestamp":"2026-09-26T09:02:08.000Z"}
{"level":"info","message":"\u001b[0mGET /api/stock?page=1&limit=50&movementType= \u001b[36m304\u001b[0m 12.383 ms - -\u001b[0m","service":"stocksense-backend","timestamp":"2026-09-26T09:02:08.016Z"}
{"level":"info","message":"\u001b[0mGET /api/stock?page=1&limit=50&movementType= \u001b[36m304\u001b[0m 8.728 ms - -\u001b[0m","service":"stocksense-backend","timestamp":"2026-09-26T09:03:02.270Z"}
{"level":"info","message":"\u001b[0mGET /api/stock?page=1&limit=50&movementType= \u001b[36m304\u001b[0m 11.840 ms - -\u001b[0m","service":"stocksense-backend","timestamp":"2026-09-26T09:03:02.283Z"}
{"level":"info","message":"\u001b[0mGET /api/stock?page=1&limit=50&movementType= \u001b[36m304\u001b[0m 10.054 ms - -\u001b[0m","service":"stocksense-backend","timestamp":"2026-09-26T09:04:43.394Z"}
{"level":"info","message":"\u001b[0mGET /api/stock?page=1&limit=50&movementType= \u001b[36m304\u001b[0m 8.934 ms - -\u001b[0m","service":"stocksense-backend","timestamp":"2026-09-26T09:04:43.404Z"}
{"level":"info","message":"\u001b[0mPOST /api/auth/login \u001b[32m200\u001b[0m 702.112 ms - 461\u001b[0m","service":"stocksense-backend","timestamp":"2026-09-26T09:07:44.927Z"}
{"level":"info","message":"\u001b[0mGET /api/dashboard \u001b[36m304\u001b[0m 18.651 ms - -\u001b[0m","service":"stocksense-backend","timestamp":"2026-09-26T09:07:45.789Z"}
{"level":"info","message":"\u001b[0mGET /api/dashboard \u001b[36m304\u001b[0m 13.467 ms - -\u001b[0m","service":"stocksense-backend","timestamp":"2026-09-26T09:07:45.804Z"}
{"level":"info","message":"\u001b[0mGET /api/categories \u001b[36m304\u001b[0m 6.229 ms - -\u001b[0m","service":"stocksense-backend","timestamp":"2026-09-26T09:07:50.554Z"}
{"level":"info","message":"\u001b[0mGET /api/categories \u001b[36m304\u001b[0m 3.013 ms - -\u001b[0m","service":"stocksense-backend","timestamp":"2026-09-26T09:07:50.560Z"}
{"level":"info","message":"\u001b[0mGET /api/products?page=1&limit=20&search=&category= \u001b[36m304\u001b[0m 11.373 ms - -\u001b[0m","service":"stocksense-backend","timestamp":"2026-09-26T09:07:50.561Z"}
{"level":"info","message":"\u001b[0mGET /api/products?page=1&limit=20&search=&category= \u001b[36m304\u001b[0m 7.112 ms - -\u001b[0m","service":"stocksense-backend","timestamp":"2026-09-26T09:07:50.569Z"}
{"level":"info","message":"\u001b[0mGET /api/dashboard \u001b[36m304\u001b[0m 29.719 ms - -\u001b[0m","service":"stocksense-backend","timestamp":"2026-09-26T09:08:06.749Z"}
{"level":"info","message":"\u001b[0mGET /api/dashboard \u001b[36m304\u001b[0m 27.411 ms - -\u001b[0m","service":"stocksense-backend","timestamp":"2026-09-26T09:08:06.778Z"}
{"level":"info","message":"\u001b[0mPOST /api/auth/login \u001b[32m200\u001b[0m 709.196 ms - 461\u001b[0m","service":"stocksense-backend","timestamp":"2026-09-26T09:10:23.463Z"}
{"level":"info","message":"\u001b[0mGET /api/dashboard \u001b[36m304\u001b[0m 16.566 ms - -\u001b[0m","service":"stocksense-backend","timestamp":"2026-09-26T09:10:23.575Z"}
{"level":"info","message":"\u001b[0mGET /api/dashboard \u001b[36m304\u001b[0m 14.744 ms - -\u001b[0m","service":"stocksense-backend","timestamp":"2026-09-26T09:10:23.591Z"}
{"level":"info","message":"\u001b[0mGET /api/stock?page=1&limit=50&movementType= \u001b[36m304\u001b[0m 8.848 ms - -\u001b[0m","service":"stocksense-backend","timestamp":"2026-09-26T09:12:19.759Z"}
{"level":"info","message":"\u001b[0mGET /api/stock?page=1&limit=50&movementType= \u001b[36m304\u001b[0m 7.534 ms - -\u001b[0m","service":"stocksense-backend","timestamp":"2026-09-26T09:12:19.767Z"}
{"level":"info","message":"\u001b[0mGET /api/dashboard \u001b[36m304\u001b[0m 18.013 ms - -\u001b[0m","service":"stocksense-backend","timestamp":"2026-09-26T09:12:38.798Z"}
{"level":"info","message":"\u001b[0mGET /api/dashboard \u001b[36m304\u001b[0m 18.491 ms - -\u001b[0m","service":"stocksense-backend","timestamp":"2026-09-26T09:12:38.818Z"}
{"level":"info","message":"\u001b[0mGET /api/dashboard \u001b[36m304\u001b[0m 21.510 ms - -\u001b[0m","service":"stocksense-backend","timestamp":"2026-09-26T09:13:03.904Z"}
{"level":"info","message":"\u001b[0mGET /api/dashboard \u001b[36m304\u001b[0m 17.177 ms - -\u001b[0m","service":"stocksense-backend","timestamp":"2026-09-26T09:13:03.923Z"}
{"level":"info","message":"\u001b[0mGET /api/dashboard \u001b[36m304\u001b[0m 18.028 ms - -\u001b[0m","service":"stocksense-backend","timestamp":"2026-09-26T09:13:54.822Z"}
{"level":"info","message":"\u001b[0mGET /api/dashboard \u001b[36m304\u001b[0m 11.687 ms - -\u001b[0m","service":"stocksense-backend","timestamp":"2026-09-26T09:13:54.835Z"}
{"level":"info","message":"\u001b[0mGET /api/categories \u001b[36m304\u001b[0m 9.268 ms - -\u001b[0m","service":"stocksense-backend","timestamp":"2026-09-26T09:14:05.392Z"}
{"level":"info","message":"\u001b[0mGET /api/categories \u001b[36m304\u001b[0m 3.058 ms - -\u001b[0m","service":"stocksense-backend","timestamp":"2026-09-26T09:14:05.397Z"}
{"level":"info","message":"\u001b[0mGET /api/products?page=1&limit=20&search=&category= \u001b[36m304\u001b[0m 9.283 ms - -\u001b[0m","service":"stocksense-backend","timestamp":"2026-09-26T09:14:05.398Z"}
{"level":"info","message":"\u001b[0mGET /api/products?page=1&limit=20&search=&category= \u001b[36m304\u001b[0m 7.327 ms - -\u001b[0m","service":"stocksense-backend","timestamp":"2026-09-26T09:14:05.407Z"}
{"level":"info","message":"\u001b[0mGET /api/categories \u001b[36m304\u001b[0m 4.949 ms - -\u001b[0m","service":"stocksense-backend","timestamp":"2026-09-26T09:14:13.932Z"}
{"level":"info","message":"\u001b[0mGET /api/products?page=1&limit=20&search=&category= \u001b[36m304\u001b[0m 8.660 ms - -\u001b[0m","service":"stocksense-backend","timestamp":"2026-09-26T09:14:13.938Z"}
{"level":"info","message":"\u001b[0mGET /api/categories \u001b[36m304\u001b[0m 4.702 ms - -\u001b[0m","service":"stocksense-backend","timestamp":"2026-09-26T09:14:13.939Z"}
{"level":"info","message":"\u001b[0mGET /api/products?page=1&limit=20&search=&category= \u001b[36m304\u001b[0m 7.780 ms - -\u001b[0m","service":"stocksense-backend","timestamp":"2026-09-26T09:14:13.947Z"}
{"level":"info","message":"\u001b[0mGET /api/categories \u001b[36m304\u001b[0m 5.095 ms - -\u001b[0m","service":"stocksense-backend","timestamp":"2026-09-26T09:14:40.345Z"}
{"level":"info","message":"\u001b[0mGET /api/products?page=1&limit=20&search=&category= \u001b[36m304\u001b[0m 8.422 ms - -\u001b[0m","service":"stocksense-backend","timestamp":"2026-09-26T09:14:40.350Z"}
{"level":"info","message":"\u001b[0mGET /api/categories \u001b[36m304\u001b[0m 4.340 ms - -\u001b[0m","service":"stocksense-backend","timestamp":"2026-09-26T09:14:40.351Z"}
{"level":"info","message":"\u001b[0mGET /api/products?page=1&limit=20&search=&category= \u001b[36m304\u001b[0m 6.792 ms - -\u001b[0m","service":"stocksense-backend","timestamp":"2026-09-26T09:14:40.359Z"}
{"level":"info","message":"\u001b[0mGET /api/categories \u001b[36m304\u001b[0m 4.789 ms - -\u001b[0m","service":"stocksense-backend","timestamp":"2026-09-26T09:15:51.466Z"}
{"level":"info","message":"\u001b[0mGET /api/products?page=1&limit=20&search=&category= \u001b[36m304\u001b[0m 7.928 ms - -\u001b[0m","service":"stocksense-backend","timestamp":"2026-09-26T09:15:51.471Z"}
{"level":"info","message":"\u001b[0mGET /api/categories \u001b[36m304\u001b[0m 4.739 ms - -\u001b[0m","service":"stocksense-backend","timestamp":"2026-09-26T09:15:51.472Z"}
{"level":"info","message":"\u001b[0mGET /api/products?page=1&limit=20&search=&category= \u001b[36m304\u001b[0m 6.450 ms - -\u001b[0m","service":"stocksense-backend","timestamp":"2026-09-26T09:15:51.479Z"}
{"level":"info","message":"\u001b[0mGET /api/categories \u001b[36m304\u001b[0m 5.661 ms - -\u001b[0m","service":"stocksense-backend","timestamp":"2026-09-26T09:19:32.433Z"}
{"level":"info","message":"\u001b[0mGET /api/products?page=1&limit=20&search=&category= \u001b[36m304\u001b[0m 8.255 ms - -\u001b[0m","service":"stocksense-backend","timestamp":"2026-09-26T09:19:32.438Z"}
{"level":"info","message":"\u001b[0mGET /api/categories \u001b[36m304\u001b[0m 4.698 ms - -\u001b[0m","service":"stocksense-backend","timestamp":"2026-09-26T09:19:32.439Z"}
{"level":"info","message":"\u001b[0mGET /api/products?page=1&limit=20&search=&category= \u001b[36m304\u001b[0m 6.178 ms - -\u001b[0m","service":"stocksense-backend","timestamp":"2026-09-26T09:19:32.446Z"}
{"level":"info","message":"\u001b[0mGET /api/categories \u001b[36m304\u001b[0m 6.262 ms - -\u001b[0m","service":"stocksense-backend","timestamp":"2026-09-26T09:20:11.179Z"}
{"level":"info","message":"\u001b[0mGET /api/categories \u001b[36m304\u001b[0m 5.356 ms - -\u001b[0m","service":"stocksense-backend","timestamp":"2026-09-26T09:20:11.186Z"}
{"level":"info","message":"\u001b[0mGET /api/products?page=1&limit=20&search=&category= \u001b[36m304\u001b[0m 14.222 ms - -\u001b[0m","service":"stocksense-backend","timestamp":"2026-09-26T09:20:11.189Z"}
{"level":"info","message":"\u001b[0mGET /api/products?page=1&limit=20&search=&category= \u001b[36m304\u001b[0m 12.294 ms - -\u001b[0m","service":"stocksense-backend","timestamp":"2026-09-26T09:20:11.203Z"}
{"level":"info","message":"\u001b[0mGET /api/dashboard \u001b[36m304\u001b[0m 18.419 ms - -\u001b[0m","service":"stocksense-backend","timestamp":"2026-09-26T09:22:58.109Z"}
{"level":"info","message":"\u001b[0mGET /api/dashboard \u001b[36m304\u001b[0m 18.754 ms - -\u001b[0m","service":"stocksense-backend","timestamp":"2026-09-26T09:22:58.130Z"}
{"level":"info","message":"\u001b[0mPOST /api/auth/login \u001b[32m200\u001b[0m 740.673 ms - 461\u001b[0m","service":"stocksense-backend","timestamp":"2026-09-26T09:24:17.752Z"}
{"level":"info","message":"\u001b[0mGET /api/dashboard \u001b[36m304\u001b[0m 23.176 ms - -\u001b[0m","service":"stocksense-backend","timestamp":"2026-09-26T09:24:17.859Z"}
{"level":"info","message":"\u001b[0mGET /api/dashboard \u001b[36m304\u001b[0m 17.674 ms - -\u001b[0m","service":"stocksense-backend","timestamp":"2026-09-26T09:24:17.878Z"}
{"level":"info","message":"\u001b[0mGET /api/categories \u001b[36m304\u001b[0m 5.631 ms - -\u001b[0m","service":"stocksense-backend","timestamp":"2026-09-26T09:24:22.667Z"}
{"level":"info","message":"\u001b[0mGET /api/products?page=1&limit=20&search=&category= \u001b[36m304\u001b[0m 10.076 ms - -\u001b[0m","service":"stocksense-backend","timestamp":"2026-09-26T09:24:22.674Z"}
{"level":"info","message":"\u001b[0mGET /api/categories \u001b[36m304\u001b[0m 4.960 ms - -\u001b[0m","service":"stocksense-backend","timestamp":"2026-09-26T09:24:22.675Z"}
{"level":"info","message":"\u001b[0mGET /api/products?page=1&limit=20&search=&category= \u001b[36m304\u001b[0m 7.414 ms - -\u001b[0m","service":"stocksense-backend","timestamp":"2026-09-26T09:24:22.683Z"}
{"level":"info","message":"\u001b[0mGET /api/suppliers \u001b[36m304\u001b[0m 2.910 ms - -\u001b[0m","service":"stocksense-backend","timestamp":"2026-09-26T09:24:24.128Z"}
{"level":"info","message":"\u001b[0mGET /api/locations \u001b[36m304\u001b[0m 10.304 ms - -\u001b[0m","service":"stocksense-backend","timestamp":"2026-09-26T09:24:24.132Z"}
{"level":"info","message":"\u001b[0mGET /api/warehouses \u001b[36m304\u001b[0m 14.050 ms - -\u001b[0m","service":"stocksense-backend","timestamp":"2026-09-26T09:24:24.134Z"}
{"level":"info","message":"\u001b[0mGET /api/suppliers \u001b[36m304\u001b[0m 9.095 ms - -\u001b[0m","service":"stocksense-backend","timestamp":"2026-09-26T09:24:24.140Z"}
{"level":"info","message":"\u001b[0mGET /api/receipts?page=1&limit=20&status= \u001b[36m304\u001b[0m 32.751 ms - -\u001b[0m","service":"stocksense-backend","timestamp":"2026-09-26T09:24:24.147Z"}
{"level":"info","message":"\u001b[0mGET /api/products \u001b[36m304\u001b[0m 22.949 ms - -\u001b[0m","service":"stocksense-backend","timestamp":"2026-09-26T09:24:24.148Z"}
{"level":"info","message":"\u001b[0mGET /api/locations \u001b[36m304\u001b[0m 14.379 ms - -\u001b[0m","service":"stocksense-backend","timestamp":"2026-09-26T09:24:24.155Z"}
{"level":"info","message":"\u001b[0mGET /api/warehouses \u001b[36m304\u001b[0m 14.424 ms - -\u001b[0m","service":"stocksense-backend","timestamp":"2026-09-26T09:24:24.157Z"}
{"level":"info","message":"\u001b[0mGET /api/products \u001b[36m304\u001b[0m 8.094 ms - -\u001b[0m","service":"stocksense-backend","timestamp":"2026-09-26T09:24:24.161Z"}
{"level":"info","message":"\u001b[0mGET /api/receipts?page=1&limit=20&status= \u001b[36m304\u001b[0m 11.496 ms - -\u001b[0m","service":"stocksense-backend","timestamp":"2026-09-26T09:24:24.162Z"}
{"level":"info","message":"\u001b[0mGET /api/dashboard \u001b[36m304\u001b[0m 25.140 ms - -\u001b[0m","service":"stocksense-backend","timestamp":"2026-09-26T09:24:31.351Z"}
{"level":"info","message":"\u001b[0mGET /api/dashboard \u001b[36m304\u001b[0m 16.269 ms - -\u001b[0m","service":"stocksense-backend","timestamp":"2026-09-26T09:24:31.369Z"}
{"level":"info","message":"\u001b[0mGET /api/dashboard \u001b[0m-\u001b[0m - ms - -\u001b[0m","service":"stocksense-backend","timestamp":"2026-09-26T09:25:05.623Z"}
{"level":"info","message":"\u001b[0mGET /api/stock?page=1&limit=50&movementType= \u001b[36m304\u001b[0m 6.018 ms - -\u001b[0m","service":"stocksense-backend","timestamp":"2026-09-26T09:25:05.630Z"}
{"level":"info","message":"\u001b[0mGET /api/stock?page=1&limit=50&movementType= \u001b[36m304\u001b[0m 12.259 ms - -\u001b[0m","service":"stocksense-backend","timestamp":"2026-09-26T09:25:05.644Z"}
{"level":"info","message":"\u001b[0mGET /api/stock?page=1&limit=50&movementType= \u001b[36m304\u001b[0m 5.720 ms - -\u001b[0m","service":"stocksense-backend","timestamp":"2026-09-26T09:25:05.934Z"}
{"level":"info","message":"\u001b[0mGET /api/dashboard \u001b[32m200\u001b[0m 16.809 ms - 3839\u001b[0m","service":"stocksense-backend","timestamp":"2026-09-26T09:25:05.937Z"}
{"level":"info","message":"\u001b[0mGET /api/stock?page=1&limit=50&movementType= \u001b[36m304\u001b[0m 5.798 ms - -\u001b[0m","service":"stocksense-backend","timestamp":"2026-09-26T09:25:05.941Z"}
{"level":"info","message":"\u001b[0mGET /api/dashboard \u001b[36m304\u001b[0m 12.822 ms - -\u001b[0m","service":"stocksense-backend","timestamp":"2026-09-26T09:25:05.952Z"}
{"level":"info","message":"\u001b[0mPOST /api/auth/login \u001b[32m200\u001b[0m 720.415 ms - 461\u001b[0m","service":"stocksense-backend","timestamp":"2026-09-26T09:45:04.396Z"}
{"level":"info","message":"\u001b[0mGET /api/dashboard \u001b[36m304\u001b[0m 16.503 ms - -\u001b[0m","service":"stocksense-backend","timestamp":"2026-09-26T09:45:04.538Z"}
{"level":"info","message":"\u001b[0mGET /api/dashboard \u001b[36m304\u001b[0m 11.862 ms - -\u001b[0m","service":"stocksense-backend","timestamp":"2026-09-26T09:45:04.551Z"}
{"level":"info","message":"\u001b[0mGET /api/categories \u001b[36m304\u001b[0m 10.580 ms - -\u001b[0m","service":"stocksense-backend","timestamp":"2026-09-26T09:45:11.205Z"}
{"level":"info","message":"\u001b[0mGET /api/categories \u001b[36m304\u001b[0m 4.912 ms - -\u001b[0m","service":"stocksense-backend","timestamp":"2026-09-26T09:45:11.212Z"}
{"level":"info","message":"\u001b[0mGET /api/products?page=1&limit=20&search=&category= \u001b[36m304\u001b[0m 15.398 ms - -\u001b[0m","service":"stocksense-backend","timestamp":"2026-09-26T09:45:11.214Z"}
{"level":"info","message":"\u001b[0mGET /api/products?page=1&limit=20&search=&category= \u001b[36m304\u001b[0m 7.109 ms - -\u001b[0m","service":"stocksense-backend","timestamp":"2026-09-26T09:45:11.223Z"}
{"level":"info","message":"\u001b[0mGET /api/suppliers \u001b[36m304\u001b[0m 3.039 ms - -\u001b[0m","service":"stocksense-backend","timestamp":"2026-09-26T09:45:13.037Z"}
{"level":"info","message":"\u001b[0mGET /api/warehouses \u001b[36m304\u001b[0m 42.367 ms - -\u001b[0m","service":"stocksense-backend","timestamp":"2026-09-26T09:45:13.072Z"}
{"level":"info","message":"\u001b[0mGET /api/locations \u001b[36m304\u001b[0m 42.070 ms - -\u001b[0m","service":"stocksense-backend","timestamp":"2026-09-26T09:45:13.073Z"}
{"level":"info","message":"\u001b[0mGET /api/suppliers \u001b[36m304\u001b[0m 35.596 ms - -\u001b[0m","service":"stocksense-backend","timestamp":"2026-09-26T09:45:13.075Z"}
{"level":"info","message":"\u001b[0mGET /api/receipts?page=1&limit=20&status= \u001b[36m304\u001b[0m 50.475 ms - -\u001b[0m","service":"stocksense-backend","timestamp":"2026-09-26T09:45:13.079Z"}
{"level":"info","message":"\u001b[0mGET /api/products \u001b[36m304\u001b[0m 50.289 ms - -\u001b[0m","service":"stocksense-backend","timestamp":"2026-09-26T09:45:13.085Z"}
{"level":"info","message":"\u001b[0mGET /api/locations \u001b[36m304\u001b[0m 9.779 ms - -\u001b[0m","service":"stocksense-backend","timestamp":"2026-09-26T09:45:13.093Z"}
{"level":"info","message":"\u001b[0mGET /api/warehouses \u001b[36m304\u001b[0m 13.583 ms - -\u001b[0m","service":"stocksense-backend","timestamp":"2026-09-26T09:45:13.094Z"}
{"level":"info","message":"\u001b[0mGET /api/receipts?page=1&limit=20&status= \u001b[36m304\u001b[0m 13.441 ms - -\u001b[0m","service":"stocksense-backend","timestamp":"2026-09-26T09:45:13.099Z"}
{"level":"info","message":"\u001b[0mGET /api/products \u001b[36m304\u001b[0m 13.419 ms - -\u001b[0m","service":"stocksense-backend","timestamp":"2026-09-26T09:45:13.102Z"}
{"level":"info","message":"\u001b[0mGET /api/customers \u001b[36m304\u001b[0m 5.553 ms - -\u001b[0m","service":"stocksense-backend","timestamp":"2026-09-26T09:45:13.819Z"}
{"level":"info","message":"\u001b[0mGET /api/locations \u001b[36m304\u001b[0m 17.529 ms - -\u001b[0m","service":"stocksense-backend","timestamp":"2026-09-26T09:45:13.825Z"}
{"level":"info","message":"\u001b[0mGET /api/warehouses \u001b[36m304\u001b[0m 25.174 ms - -\u001b[0m","service":"stocksense-backend","timestamp":"2026-09-26T09:45:13.826Z"}
{"level":"info","message":"\u001b[0mGET /api/customers \u001b[36m304\u001b[0m 5.434 ms - -\u001b[0m","service":"stocksense-backend","timestamp":"2026-09-26T09:45:13.828Z"}
{"level":"info","message":"\u001b[0mGET /api/deliveries?page=1&limit=20&status= \u001b[36m304\u001b[0m 27.975 ms - -\u001b[0m","service":"stocksense-backend","timestamp":"2026-09-26T09:45:13.838Z"}
{"level":"info","message":"\u001b[0mGET /api/products \u001b[36m304\u001b[0m 24.302 ms - -\u001b[0m","service":"stocksense-backend","timestamp":"2026-09-26T09:45:13.840Z"}
{"level":"info","message":"\u001b[0mGET /api/locations \u001b[36m304\u001b[0m 19.849 ms - -\u001b[0m","service":"stocksense-backend","timestamp":"2026-09-26T09:45:13.851Z"}
{"level":"info","message":"\u001b[0mGET /api/warehouses \u001b[36m304\u001b[0m 19.352 ms - -\u001b[0m","service":"stocksense-backend","timestamp":"2026-09-26T09:45:13.853Z"}
{"level":"info","message":"\u001b[0mGET /api/deliveries?page=1&limit=20&status= \u001b[36m304\u001b[0m 17.213 ms - -\u001b[0m","service":"stocksense-backend","timestamp":"2026-09-26T09:45:13.860Z"}
{"level":"info","message":"\u001b[0mGET /api/products \u001b[36m304\u001b[0m 17.704 ms - -\u001b[0m","service":"stocksense-backend","timestamp":"2026-09-26T09:45:13.862Z"}
{"level":"info","message":"\u001b[0mGET /api/warehouses \u001b[36m304\u001b[0m 16.683 ms - -\u001b[0m","service":"stocksense-backend","timestamp":"2026-09-26T09:45:14.565Z"}
{"level":"info","message":"\u001b[0mGET /api/locations \u001b[36m304\u001b[0m 15.458 ms - -\u001b[0m","service":"stocksense-backend","timestamp":"2026-09-26T09:45:14.566Z"}
{"level":"info","message":"\u001b[0mGET /api/products \u001b[36m304\u001b[0m 17.223 ms - -\u001b[0m","service":"stocksense-backend","timestamp":"2026-09-26T09:45:14.576Z"}
{"level":"info","message":"\u001b[0mGET /api/warehouses \u001b[36m304\u001b[0m 13.994 ms - -\u001b[0m","service":"stocksense-backend","timestamp":"2026-09-26T09:45:14.582Z"}
{"level":"info","message":"\u001b[0mGET /api/locations \u001b[36m304\u001b[0m 12.054 ms - -\u001b[0m","service":"stocksense-backend","timestamp":"2026-09-26T09:45:14.583Z"}
{"level":"info","message":"\u001b[0mGET /api/adjustments?page=1&limit=20 \u001b[36m304\u001b[0m 22.361 ms - -\u001b[0m","service":"stocksense-backend","timestamp":"2026-09-26T09:45:14.585Z"}
{"level":"info","message":"\u001b[0mGET /api/products \u001b[36m304\u001b[0m 13.156 ms - -\u001b[0m","service":"stocksense-backend","timestamp":"2026-09-26T09:45:14.591Z"}
{"level":"info","message":"\u001b[0mGET /api/adjustments?page=1&limit=20 \u001b[36m304\u001b[0m 9.387 ms - -\u001b[0m","service":"stocksense-backend","timestamp":"2026-09-26T09:45:14.597Z"}
{"level":"info","message":"\u001b[0mGET /api/dashboard \u001b[36m304\u001b[0m 35.470 ms - -\u001b[0m","service":"stocksense-backend","timestamp":"2026-09-26T09:45:16.437Z"}
{"level":"info","message":"\u001b[0mGET /api/dashboard \u001b[36m304\u001b[0m 18.091 ms - -\u001b[0m","service":"stocksense-backend","timestamp":"2026-09-26T09:45:16.457Z"}
{"level":"info","message":"\u001b[0mGET /api/categories \u001b[36m304\u001b[0m 5.457 ms - -\u001b[0m","service":"stocksense-backend","timestamp":"2026-09-26T09:45:21.327Z"}
{"level":"info","message":"\u001b[0mGET /api/products?page=1&limit=20&search=&category= \u001b[36m304\u001b[0m 9.420 ms - -\u001b[0m","service":"stocksense-backend","timestamp":"2026-09-26T09:45:21.333Z"}
{"level":"info","message":"\u001b[0mGET /api/categories \u001b[36m304\u001b[0m 5.186 ms - -\u001b[0m","service":"stocksense-backend","timestamp":"2026-09-26T09:45:21.334Z"}
{"level":"info","message":"\u001b[0mGET /api/products?page=1&limit=20&search=&category= \u001b[36m304\u001b[0m 9.208 ms - -\u001b[0m","service":"stocksense-backend","timestamp":"2026-09-26T09:45:21.345Z"}
{"level":"info","message":"\u001b[0mGET /api/suppliers \u001b[36m304\u001b[0m 4.631 ms - -\u001b[0m","service":"stocksense-backend","timestamp":"2026-09-26T09:45:22.969Z"}
{"level":"info","message":"\u001b[0mGET /api/warehouses \u001b[36m304\u001b[0m 20.062 ms - -\u001b[0m","service":"stocksense-backend","timestamp":"2026-09-26T09:45:22.978Z"}
{"level":"info","message":"\u001b[0mGET /api/locations \u001b[36m304\u001b[0m 17.411 ms - -\u001b[0m","service":"stocksense-backend","timestamp":"2026-09-26T09:45:22.979Z"}
{"level":"info","message":"\u001b[0mGET /api/suppliers \u001b[36m304\u001b[0m 7.044 ms - -\u001b[0m","service":"stocksense-backend","timestamp":"2026-09-26T09:45:22.980Z"}
{"level":"info","message":"\u001b[0mGET /api/receipts?page=1&limit=20&status= \u001b[36m304\u001b[0m 23.472 ms - -\u001b[0m","service":"stocksense-backend","timestamp":"2026-09-26T09:45:22.983Z"}
{"level":"info","message":"\u001b[0mGET /api/products \u001b[36m304\u001b[0m 26.431 ms - -\u001b[0m","service":"stocksense-backend","timestamp":"2026-09-26T09:45:22.996Z"}
{"level":"info","message":"\u001b[0mGET /api/warehouses \u001b[36m304\u001b[0m 17.248 ms - -\u001b[0m","service":"stocksense-backend","timestamp":"2026-09-26T09:45:23.001Z"}
{"level":"info","message":"\u001b[0mGET /api/locations \u001b[36m304\u001b[0m 17.690 ms - -\u001b[0m","service":"stocksense-backend","timestamp":"2026-09-26T09:45:23.003Z"}
{"level":"info","message":"\u001b[0mGET /api/receipts?page=1&limit=20&status= \u001b[36m304\u001b[0m 17.819 ms - -\u001b[0m","service":"stocksense-backend","timestamp":"2026-09-26T09:45:23.009Z"}
{"level":"info","message":"\u001b[0mGET /api/products \u001b[36m304\u001b[0m 13.142 ms - -\u001b[0m","service":"stocksense-backend","timestamp":"2026-09-26T09:45:23.012Z"}
{"level":"info","message":"\u001b[0mGET /api/categories \u001b[36m304\u001b[0m 7.050 ms - -\u001b[0m","service":"stocksense-backend","timestamp":"2026-09-26T09:46:46.699Z"}
{"level":"info","message":"\u001b[0mGET /api/products?page=1&limit=20&search=&category= \u001b[36m304\u001b[0m 13.563 ms - -\u001b[0m","service":"stocksense-backend","timestamp":"2026-09-26T09:46:46.708Z"}
{"level":"info","message":"\u001b[0mGET /api/categories \u001b[36m304\u001b[0m 6.157 ms - -\u001b[0m","service":"stocksense-backend","timestamp":"2026-09-26T09:46:46.709Z"}
{"level":"info","message":"\u001b[0mGET /api/products?page=1&limit=20&search=&category= \u001b[36m304\u001b[0m 7.000 ms - -\u001b[0m","service":"stocksense-backend","timestamp":"2026-09-26T09:46:46.716Z"}
{"level":"info","message":"\u001b[0mGET /api/dashboard \u001b[36m304\u001b[0m 22.681 ms - -\u001b[0m","service":"stocksense-backend","timestamp":"2026-09-26T09:46:47.465Z"}
{"level":"info","message":"\u001b[0mGET /api/dashboard \u001b[36m304\u001b[0m 16.484 ms - -\u001b[0m","service":"stocksense-backend","timestamp":"2026-09-26T09:46:47.482Z"}
{"level":"info","message":"\u001b[0mGET /api/categories \u001b[36m304\u001b[0m 10.292 ms - -\u001b[0m","service":"stocksense-backend","timestamp":"2026-09-26T09:46:48.546Z"}
{"level":"info","message":"\u001b[0mGET /api/products?page=1&limit=20&search=&category= \u001b[36m304\u001b[0m 12.172 ms - -\u001b[0m","service":"stocksense-backend","timestamp":"2026-09-26T09:46:48.553Z"}
{"level":"info","message":"\u001b[0mGET /api/categories \u001b[36m304\u001b[0m 5.465 ms - -\u001b[0m","service":"stocksense-backend","timestamp":"2026-09-26T09:46:48.554Z"}
{"level":"info","message":"\u001b[0mGET /api/products?page=1&limit=20&search=&category= \u001b[36m304\u001b[0m 9.151 ms - -\u001b[0m","service":"stocksense-backend","timestamp":"2026-09-26T09:46:48.565Z"}
